Well,Depth,Path,Label
F-9,150.0,dataset/dlis_data/15_9-F-9_1.DLIS,Moderate to Poor
F-9,151.0,dataset/dlis_data/15_9-F-9_1.DLIS,Moderate to Poor
F-9,152.0,dataset/dlis_data/15_9-F-9_1.DLIS,Moderate to Poor
F-9,153.0,dataset/dlis_data/15_9-F-9_1.DLIS,Moderate to Poor
F-9,154.0,dataset/dlis_data/15_9-F-9_1.DLIS,Moderate to Poor
F-9,155.0,dataset/dlis_data/15_9-F-9_1.DLIS,Moderate to Poor
F-9,156.0,dataset/dlis_data/15_9-F-9_1.DLIS,Moderate to Poor
F-9,157.0,dataset/dlis_data/15_9-F-9_1.DLIS,Moderate to Poor
F-9,158.0,dataset/dlis_data/15_9-F-9_1.DLIS,Moderate to Poor
F-9,159.0,dataset/dlis_data/15_9-F-9_1.DLIS,Moderate to Poor
F-9,160.0,dataset/dlis_data/15_9-F-9_1.DLIS,Moderate to Poor
F-9,161.0,dataset/dlis_data/15_9-F-9_1.DLIS,Moderate to Poor
F-9,162.0,dataset/dlis_data/15_9-F-9_1.DLIS,Moderate to Poor
F-9,163.0,dataset/dlis_data/15_9-F-9_1.DLIS,Moderate to Poor
F-9,164.0,dataset/dlis_data/15_9-F-9_1.DLIS,Moderate to Poor
F-9,165.0,dataset/dlis_data/15_9-F-9_1.DLIS,Moderate to Poor
F-9,166.0,dataset/dlis_data/15_9-F-9_1.DLIS,Moderate to Poor
F-9,167.0,dataset/dlis_data/15_9-F-9_1.DLIS,Moderate to Poor
F-9,168.0,dataset/dlis_data/15_9-F-9_1.DLIS,Moderate to Poor
F-9,169.0,dataset/dlis_data/15_9-F-9_1.DLIS,Moderate to Poor
F-9,170.0,dataset/dlis_data/15_9-F-9_1.DLIS,Moderate to Poor
F-9,171.0,dataset/dlis_data/15_9-F-9_1.DLIS,Moderate to Poor
F-9,172.0,dataset/dlis_data/15_9-F-9_1.DLIS,Moderate to Poor
F-9,173.0,dataset/dlis_data/15_9-F-9_1.DLIS,Moderate to Poor
F-9,174.0,dataset/dlis_data/15_9-F-9_1.DLIS,Moderate to Poor
F-9,175.0,dataset/dlis_data/15_9-F-9_1.DLIS,Moderate to Poor
F-9,176.0,dataset/dlis_data/15_9-F-9_1.DLIS,Moderate to Poor
F-9,177.0,dataset/dlis_data/15_9-F-9_1.DLIS,Moderate to Poor
F-9,178.0,dataset/dlis_data/15_9-F-9_1.DLIS,Good to Moderate
F-9,179.0,dataset/dlis_data/15_9-F-9_1.DLIS,Good to Moderate
F-9,180.0,dataset/dlis_data/15_9-F-9_1.DLIS,Good to Moderate
F-9,181.0,dataset/dlis_data/15_9-F-9_1.DLIS,Good to Moderate
F-9,182.0,dataset/dlis_data/15_9-F-9_1.DLIS,Good to Moderate
F-9,183.0,dataset/dlis_data/15_9-F-9_1.DLIS,Good to Moderate
F-9,184.0,dataset/dlis_data/15_9-F-9_1.DLIS,Good to Moderate
F-9,185.0,dataset/dlis_data/15_9-F-9_1.DLIS,Good to Moderate
F-9,186.0,dataset/dlis_data/15_9-F-9_1.DLIS,Good to Moderate
F-9,187.0,dataset/dlis_data/15_9-F-9_1.DLIS,Good to Moderate
F-9,188.0,dataset/dlis_data/15_9-F-9_1.DLIS,Moderate
F-9,189.0,dataset/dlis_data/15_9-F-9_1.DLIS,Moderate
F-9,190.0,dataset/dlis_data/15_9-F-9_1.DLIS,Moderate
F-9,191.0,dataset/dlis_data/15_9-F-9_1.DLIS,Moderate
F-9,192.0,dataset/dlis_data/15_9-F-9_1.DLIS,Moderate
F-9,193.0,dataset/dlis_data/15_9-F-9_1.DLIS,Moderate
F-9,194.0,dataset/dlis_data/15_9-F-9_1.DLIS,Moderate
F-9,195.0,dataset/dlis_data/15_9-F-9_1.DLIS,Good to Moderate
F-9,196.0,dataset/dlis_data/15_9-F-9_1.DLIS,Good to Moderate
F-9,197.0,dataset/dlis_data/15_9-F-9_1.DLIS,Good to Moderate
F-9,198.0,dataset/dlis_data/15_9-F-9_1.DLIS,Good to Moderate
F-9,199.0,dataset/dlis_data/15_9-F-9_1.DLIS,Good to Moderate
F-9,200.0,dataset/dlis_data/15_9-F-9_1.DLIS,Good to Moderate
F-9,201.0,dataset/dlis_data/15_9-F-9_1.DLIS,Poor
F-9,202.0,dataset/dlis_data/15_9-F-9_1.DLIS,Poor
F-9,203.0,dataset/dlis_data/15_9-F-9_1.DLIS,Poor
F-9,204.0,dataset/dlis_data/15_9-F-9_1.DLIS,Poor
F-9,205.0,dataset/dlis_data/15_9-F-9_1.DLIS,Poor
F-9,206.0,dataset/dlis_data/15_9-F-9_1.DLIS,Poor
F-9,207.0,dataset/dlis_data/15_9-F-9_1.DLIS,Poor
F-9,208.0,dataset/dlis_data/15_9-F-9_1.DLIS,Poor
F-9,209.0,dataset/dlis_data/15_9-F-9_1.DLIS,Poor
F-9,210.0,dataset/dlis_data/15_9-F-9_1.DLIS,Poor
F-9,211.0,dataset/dlis_data/15_9-F-9_1.DLIS,Poor
F-9,212.0,dataset/dlis_data/15_9-F-9_1.DLIS,Poor
F-9,213.0,dataset/dlis_data/15_9-F-9_1.DLIS,Poor
F-9,214.0,dataset/dlis_data/15_9-F-9_1.DLIS,Poor
F-9,215.0,dataset/dlis_data/15_9-F-9_1.DLIS,Poor
F-9,216.0,dataset/dlis_data/15_9-F-9_1.DLIS,Poor
F-9,217.0,dataset/dlis_data/15_9-F-9_1.DLIS,Poor
F-9,218.0,dataset/dlis_data/15_9-F-9_1.DLIS,Poor
F-9,219.0,dataset/dlis_data/15_9-F-9_1.DLIS,Poor
F-9,220.0,dataset/dlis_data/15_9-F-9_1.DLIS,Poor
F-9,221.0,dataset/dlis_data/15_9-F-9_1.DLIS,Poor
F-9,222.0,dataset/dlis_data/15_9-F-9_1.DLIS,Poor
F-9,223.0,dataset/dlis_data/15_9-F-9_1.DLIS,Poor
F-9,224.0,dataset/dlis_data/15_9-F-9_1.DLIS,Poor
F-9,225.0,dataset/dlis_data/15_9-F-9_1.DLIS,Poor
F-9,226.0,dataset/dlis_data/15_9-F-9_1.DLIS,Poor
F-9,227.0,dataset/dlis_data/15_9-F-9_1.DLIS,Poor
F-9,228.0,dataset/dlis_data/15_9-F-9_1.DLIS,Poor
F-9,229.0,dataset/dlis_data/15_9-F-9_1.DLIS,Poor
F-9,230.0,dataset/dlis_data/15_9-F-9_1.DLIS,Poor
F-9,231.0,dataset/dlis_data/15_9-F-9_1.DLIS,Poor
F-9,232.0,dataset/dlis_data/15_9-F-9_1.DLIS,Poor
F-9,233.0,dataset/dlis_data/15_9-F-9_1.DLIS,Poor
F-9,234.0,dataset/dlis_data/15_9-F-9_1.DLIS,Poor
F-9,235.0,dataset/dlis_data/15_9-F-9_1.DLIS,Poor
F-9,236.0,dataset/dlis_data/15_9-F-9_1.DLIS,Poor
F-9,237.0,dataset/dlis_data/15_9-F-9_1.DLIS,Poor
F-9,238.0,dataset/dlis_data/15_9-F-9_1.DLIS,Poor
F-9,239.0,dataset/dlis_data/15_9-F-9_1.DLIS,Poor
F-9,240.0,dataset/dlis_data/15_9-F-9_1.DLIS,Poor
F-9,241.0,dataset/dlis_data/15_9-F-9_1.DLIS,Poor
F-9,242.0,dataset/dlis_data/15_9-F-9_1.DLIS,Poor
F-9,243.0,dataset/dlis_data/15_9-F-9_1.DLIS,Poor
F-9,244.0,dataset/dlis_data/15_9-F-9_1.DLIS,Poor
F-9,245.0,dataset/dlis_data/15_9-F-9_1.DLIS,Poor
F-9,246.0,dataset/dlis_data/15_9-F-9_1.DLIS,Poor
F-9,247.0,dataset/dlis_data/15_9-F-9_1.DLIS,Poor
F-9,248.0,dataset/dlis_data/15_9-F-9_1.DLIS,Poor
F-9,249.0,dataset/dlis_data/15_9-F-9_1.DLIS,Poor
F-9,250.0,dataset/dlis_data/15_9-F-9_1.DLIS,Poor
F-9,251.0,dataset/dlis_data/15_9-F-9_1.DLIS,Poor
F-9,252.0,dataset/dlis_data/15_9-F-9_1.DLIS,Poor
F-9,253.0,dataset/dlis_data/15_9-F-9_1.DLIS,Poor
F-9,254.0,dataset/dlis_data/15_9-F-9_1.DLIS,Poor
F-9,255.0,dataset/dlis_data/15_9-F-9_1.DLIS,Poor
F-9,256.0,dataset/dlis_data/15_9-F-9_1.DLIS,Poor
F-9,257.0,dataset/dlis_data/15_9-F-9_1.DLIS,Poor
F-9,258.0,dataset/dlis_data/15_9-F-9_1.DLIS,Poor
F-9,259.0,dataset/dlis_data/15_9-F-9_1.DLIS,Poor
F-9,260.0,dataset/dlis_data/15_9-F-9_1.DLIS,Poor
F-9,261.0,dataset/dlis_data/15_9-F-9_1.DLIS,Poor
F-9,262.0,dataset/dlis_data/15_9-F-9_1.DLIS,Poor
F-9,263.0,dataset/dlis_data/15_9-F-9_1.DLIS,Poor
F-9,264.0,dataset/dlis_data/15_9-F-9_1.DLIS,Poor
F-9,265.0,dataset/dlis_data/15_9-F-9_1.DLIS,Poor
F-9,266.0,dataset/dlis_data/15_9-F-9_1.DLIS,Poor
F-9,267.0,dataset/dlis_data/15_9-F-9_1.DLIS,Poor
F-9,268.0,dataset/dlis_data/15_9-F-9_1.DLIS,Poor
F-9,269.0,dataset/dlis_data/15_9-F-9_1.DLIS,Poor
F-9,270.0,dataset/dlis_data/15_9-F-9_1.DLIS,Poor
F-9,271.0,dataset/dlis_data/15_9-F-9_1.DLIS,Poor
F-9,272.0,dataset/dlis_data/15_9-F-9_1.DLIS,Poor
F-9,273.0,dataset/dlis_data/15_9-F-9_1.DLIS,Poor
F-9,274.0,dataset/dlis_data/15_9-F-9_1.DLIS,Poor
F-9,275.0,dataset/dlis_data/15_9-F-9_1.DLIS,Poor
F-9,276.0,dataset/dlis_data/15_9-F-9_1.DLIS,Poor
F-9,277.0,dataset/dlis_data/15_9-F-9_1.DLIS,Poor
F-9,278.0,dataset/dlis_data/15_9-F-9_1.DLIS,Poor
F-9,279.0,dataset/dlis_data/15_9-F-9_1.DLIS,Poor
F-9,280.0,dataset/dlis_data/15_9-F-9_1.DLIS,Poor
F-9,281.0,dataset/dlis_data/15_9-F-9_1.DLIS,Poor
F-9,282.0,dataset/dlis_data/15_9-F-9_1.DLIS,Poor
F-9,283.0,dataset/dlis_data/15_9-F-9_1.DLIS,Poor
F-9,284.0,dataset/dlis_data/15_9-F-9_1.DLIS,Poor
F-9,285.0,dataset/dlis_data/15_9-F-9_1.DLIS,Poor
F-9,286.0,dataset/dlis_data/15_9-F-9_1.DLIS,Poor
F-9,287.0,dataset/dlis_data/15_9-F-9_1.DLIS,Poor
F-9,288.0,dataset/dlis_data/15_9-F-9_1.DLIS,Poor
F-9,289.0,dataset/dlis_data/15_9-F-9_1.DLIS,Poor
F-9,290.0,dataset/dlis_data/15_9-F-9_1.DLIS,Poor
F-9,291.0,dataset/dlis_data/15_9-F-9_1.DLIS,Poor
F-9,292.0,dataset/dlis_data/15_9-F-9_1.DLIS,Poor
F-9,293.0,dataset/dlis_data/15_9-F-9_1.DLIS,Poor
F-9,294.0,dataset/dlis_data/15_9-F-9_1.DLIS,Poor
F-9,295.0,dataset/dlis_data/15_9-F-9_1.DLIS,Poor
F-9,296.0,dataset/dlis_data/15_9-F-9_1.DLIS,Poor
F-9,297.0,dataset/dlis_data/15_9-F-9_1.DLIS,Poor
F-9,298.0,dataset/dlis_data/15_9-F-9_1.DLIS,Poor
F-9,299.0,dataset/dlis_data/15_9-F-9_1.DLIS,Poor
F-9,300.0,dataset/dlis_data/15_9-F-9_1.DLIS,Poor
F-9,301.0,dataset/dlis_data/15_9-F-9_1.DLIS,Poor
F-9,302.0,dataset/dlis_data/15_9-F-9_1.DLIS,Poor
F-9,303.0,dataset/dlis_data/15_9-F-9_1.DLIS,Poor
F-9,304.0,dataset/dlis_data/15_9-F-9_1.DLIS,Poor
F-9,305.0,dataset/dlis_data/15_9-F-9_1.DLIS,Poor
F-9,306.0,dataset/dlis_data/15_9-F-9_1.DLIS,Poor
F-9,307.0,dataset/dlis_data/15_9-F-9_1.DLIS,Poor
F-9,308.0,dataset/dlis_data/15_9-F-9_1.DLIS,Poor
F-9,309.0,dataset/dlis_data/15_9-F-9_1.DLIS,Poor
F-9,310.0,dataset/dlis_data/15_9-F-9_1.DLIS,Poor
F-9,311.0,dataset/dlis_data/15_9-F-9_1.DLIS,Poor
F-9,312.0,dataset/dlis_data/15_9-F-9_1.DLIS,Poor
F-9,313.0,dataset/dlis_data/15_9-F-9_1.DLIS,Poor
F-9,314.0,dataset/dlis_data/15_9-F-9_1.DLIS,Poor
F-9,315.0,dataset/dlis_data/15_9-F-9_1.DLIS,Poor
F-9,316.0,dataset/dlis_data/15_9-F-9_1.DLIS,Poor
F-9,317.0,dataset/dlis_data/15_9-F-9_1.DLIS,Poor
F-9,318.0,dataset/dlis_data/15_9-F-9_1.DLIS,Poor
F-9,319.0,dataset/dlis_data/15_9-F-9_1.DLIS,Poor
F-9,320.0,dataset/dlis_data/15_9-F-9_1.DLIS,Poor
F-9,321.0,dataset/dlis_data/15_9-F-9_1.DLIS,Poor
F-9,322.0,dataset/dlis_data/15_9-F-9_1.DLIS,Poor
F-9,323.0,dataset/dlis_data/15_9-F-9_1.DLIS,Poor
F-9,324.0,dataset/dlis_data/15_9-F-9_1.DLIS,Poor
F-9,325.0,dataset/dlis_data/15_9-F-9_1.DLIS,Poor
F-9,326.0,dataset/dlis_data/15_9-F-9_1.DLIS,Poor
F-9,327.0,dataset/dlis_data/15_9-F-9_1.DLIS,Poor
F-9,328.0,dataset/dlis_data/15_9-F-9_1.DLIS,Poor
F-9,329.0,dataset/dlis_data/15_9-F-9_1.DLIS,Poor
F-9,330.0,dataset/dlis_data/15_9-F-9_1.DLIS,Poor
F-9,331.0,dataset/dlis_data/15_9-F-9_1.DLIS,Poor
F-9,332.0,dataset/dlis_data/15_9-F-9_1.DLIS,Moderate to Poor
F-9,333.0,dataset/dlis_data/15_9-F-9_1.DLIS,Moderate to Poor
F-9,334.0,dataset/dlis_data/15_9-F-9_1.DLIS,Moderate to Poor
F-9,335.0,dataset/dlis_data/15_9-F-9_1.DLIS,Moderate to Poor
F-9,336.0,dataset/dlis_data/15_9-F-9_1.DLIS,Moderate to Poor
F-9,337.0,dataset/dlis_data/15_9-F-9_1.DLIS,Moderate to Poor
F-9,338.0,dataset/dlis_data/15_9-F-9_1.DLIS,Moderate to Poor
F-9,339.0,dataset/dlis_data/15_9-F-9_1.DLIS,Moderate to Poor
F-9,340.0,dataset/dlis_data/15_9-F-9_1.DLIS,Moderate to Poor
F-9,341.0,dataset/dlis_data/15_9-F-9_1.DLIS,Moderate to Poor
F-9,342.0,dataset/dlis_data/15_9-F-9_1.DLIS,Moderate to Poor
F-9,343.0,dataset/dlis_data/15_9-F-9_1.DLIS,Moderate to Poor
F-9,344.0,dataset/dlis_data/15_9-F-9_1.DLIS,Moderate to Poor
F-9,345.0,dataset/dlis_data/15_9-F-9_1.DLIS,Moderate to Poor
F-9,346.0,dataset/dlis_data/15_9-F-9_1.DLIS,Moderate to Poor
F-9,347.0,dataset/dlis_data/15_9-F-9_1.DLIS,Moderate to Poor
F-9,348.0,dataset/dlis_data/15_9-F-9_1.DLIS,Moderate to Poor
F-9,349.0,dataset/dlis_data/15_9-F-9_1.DLIS,Moderate to Poor
F-9,350.0,dataset/dlis_data/15_9-F-9_1.DLIS,Moderate to Poor
F-9,351.0,dataset/dlis_data/15_9-F-9_1.DLIS,Moderate to Poor
F-9,352.0,dataset/dlis_data/15_9-F-9_1.DLIS,Moderate to Poor
F-9,353.0,dataset/dlis_data/15_9-F-9_1.DLIS,Moderate to Poor
F-9,354.0,dataset/dlis_data/15_9-F-9_1.DLIS,Moderate to Poor
F-9,355.0,dataset/dlis_data/15_9-F-9_1.DLIS,Moderate to Poor
F-9,356.0,dataset/dlis_data/15_9-F-9_1.DLIS,Moderate to Poor
F-9,357.0,dataset/dlis_data/15_9-F-9_1.DLIS,Moderate to Poor
F-9,358.0,dataset/dlis_data/15_9-F-9_1.DLIS,Moderate to Poor
F-9,359.0,dataset/dlis_data/15_9-F-9_1.DLIS,Moderate to Poor
F-9,360.0,dataset/dlis_data/15_9-F-9_1.DLIS,Moderate to Poor
F-9,361.0,dataset/dlis_data/15_9-F-9_1.DLIS,Moderate to Poor
F-9,362.0,dataset/dlis_data/15_9-F-9_1.DLIS,Moderate to Poor
F-9,363.0,dataset/dlis_data/15_9-F-9_1.DLIS,Moderate to Poor
F-9,364.0,dataset/dlis_data/15_9-F-9_1.DLIS,Moderate to Poor
F-9,365.0,dataset/dlis_data/15_9-F-9_1.DLIS,Moderate to Poor
F-9,366.0,dataset/dlis_data/15_9-F-9_1.DLIS,Moderate to Poor
F-9,367.0,dataset/dlis_data/15_9-F-9_1.DLIS,Moderate to Poor
F-9,368.0,dataset/dlis_data/15_9-F-9_1.DLIS,Moderate to Poor
F-9,369.0,dataset/dlis_data/15_9-F-9_1.DLIS,Moderate to Poor
F-9,370.0,dataset/dlis_data/15_9-F-9_1.DLIS,Moderate to Poor
F-9,371.0,dataset/dlis_data/15_9-F-9_1.DLIS,Moderate to Poor
F-9,372.0,dataset/dlis_data/15_9-F-9_1.DLIS,Moderate to Poor
F-9,373.0,dataset/dlis_data/15_9-F-9_1.DLIS,Moderate to Poor
F-9,374.0,dataset/dlis_data/15_9-F-9_1.DLIS,Moderate to Poor
F-9,375.0,dataset/dlis_data/15_9-F-9_1.DLIS,Moderate to Poor
F-9,376.0,dataset/dlis_data/15_9-F-9_1.DLIS,Moderate to Poor
F-9,377.0,dataset/dlis_data/15_9-F-9_1.DLIS,Moderate to Poor
F-9,378.0,dataset/dlis_data/15_9-F-9_1.DLIS,Moderate to Poor
F-9,379.0,dataset/dlis_data/15_9-F-9_1.DLIS,Moderate to Poor
F-9,380.0,dataset/dlis_data/15_9-F-9_1.DLIS,Moderate to Poor
F-9,381.0,dataset/dlis_data/15_9-F-9_1.DLIS,Moderate to Poor
F-9,382.0,dataset/dlis_data/15_9-F-9_1.DLIS,Moderate to Poor
F-9,383.0,dataset/dlis_data/15_9-F-9_1.DLIS,Moderate to Poor
F-9,384.0,dataset/dlis_data/15_9-F-9_1.DLIS,Moderate to Poor
F-9,385.0,dataset/dlis_data/15_9-F-9_1.DLIS,Moderate to Poor
F-9,386.0,dataset/dlis_data/15_9-F-9_1.DLIS,Moderate to Poor
F-9,387.0,dataset/dlis_data/15_9-F-9_1.DLIS,Moderate to Poor
F-9,388.0,dataset/dlis_data/15_9-F-9_1.DLIS,Moderate to Poor
F-9,389.0,dataset/dlis_data/15_9-F-9_1.DLIS,Moderate to Poor
F-9,390.0,dataset/dlis_data/15_9-F-9_1.DLIS,Moderate to Poor
F-9,391.0,dataset/dlis_data/15_9-F-9_1.DLIS,Moderate to Poor
F-9,392.0,dataset/dlis_data/15_9-F-9_1.DLIS,Moderate to Poor
F-9,393.0,dataset/dlis_data/15_9-F-9_1.DLIS,Moderate to Poor
F-9,394.0,dataset/dlis_data/15_9-F-9_1.DLIS,Moderate to Poor
F-9,395.0,dataset/dlis_data/15_9-F-9_1.DLIS,Moderate to Poor
F-9,396.0,dataset/dlis_data/15_9-F-9_1.DLIS,Moderate to Poor
F-9,397.0,dataset/dlis_data/15_9-F-9_1.DLIS,Moderate to Poor
F-9,398.0,dataset/dlis_data/15_9-F-9_1.DLIS,Moderate to Poor
F-9,399.0,dataset/dlis_data/15_9-F-9_1.DLIS,Moderate to Poor
F-9,400.0,dataset/dlis_data/15_9-F-9_1.DLIS,Moderate to Poor
F-9,401.0,dataset/dlis_data/15_9-F-9_1.DLIS,Moderate to Poor
F-9,402.0,dataset/dlis_data/15_9-F-9_1.DLIS,Moderate to Poor
F-9,403.0,dataset/dlis_data/15_9-F-9_1.DLIS,Moderate to Poor
F-9,404.0,dataset/dlis_data/15_9-F-9_1.DLIS,Moderate to Poor
F-9,405.0,dataset/dlis_data/15_9-F-9_1.DLIS,Moderate to Poor
F-9,406.0,dataset/dlis_data/15_9-F-9_1.DLIS,Moderate to Poor
F-9,407.0,dataset/dlis_data/15_9-F-9_1.DLIS,Moderate to Poor
F-9,408.0,dataset/dlis_data/15_9-F-9_1.DLIS,Moderate to Poor
F-9,409.0,dataset/dlis_data/15_9-F-9_1.DLIS,Moderate to Poor
F-9,410.0,dataset/dlis_data/15_9-F-9_1.DLIS,Moderate to Poor
F-9,411.0,dataset/dlis_data/15_9-F-9_1.DLIS,Moderate to Poor
F-9,412.0,dataset/dlis_data/15_9-F-9_1.DLIS,Moderate to Poor
F-9,413.0,dataset/dlis_data/15_9-F-9_1.DLIS,Moderate to Poor
F-9,414.0,dataset/dlis_data/15_9-F-9_1.DLIS,Moderate to Poor
F-9,415.0,dataset/dlis_data/15_9-F-9_1.DLIS,Moderate to Poor
F-9,416.0,dataset/dlis_data/15_9-F-9_1.DLIS,Moderate to Poor
F-9,417.0,dataset/dlis_data/15_9-F-9_1.DLIS,Moderate to Poor
F-9,418.0,dataset/dlis_data/15_9-F-9_1.DLIS,Moderate to Poor
F-9,419.0,dataset/dlis_data/15_9-F-9_1.DLIS,Moderate to Poor
F-9,420.0,dataset/dlis_data/15_9-F-9_1.DLIS,Moderate to Poor
F-9,421.0,dataset/dlis_data/15_9-F-9_1.DLIS,Moderate to Poor
F-9,422.0,dataset/dlis_data/15_9-F-9_1.DLIS,Moderate to Poor
F-9,423.0,dataset/dlis_data/15_9-F-9_1.DLIS,Moderate to Poor
F-9,424.0,dataset/dlis_data/15_9-F-9_1.DLIS,Moderate to Poor
F-9,425.0,dataset/dlis_data/15_9-F-9_1.DLIS,Moderate to Poor
F-9,426.0,dataset/dlis_data/15_9-F-9_1.DLIS,Moderate to Poor
F-9,427.0,dataset/dlis_data/15_9-F-9_1.DLIS,Moderate to Poor
F-9,428.0,dataset/dlis_data/15_9-F-9_1.DLIS,Moderate to Poor
F-9,429.0,dataset/dlis_data/15_9-F-9_1.DLIS,Moderate to Poor
F-9,430.0,dataset/dlis_data/15_9-F-9_1.DLIS,Moderate to Poor
F-9,431.0,dataset/dlis_data/15_9-F-9_1.DLIS,Moderate to Poor
F-9,432.0,dataset/dlis_data/15_9-F-9_1.DLIS,Moderate to Poor
F-9,433.0,dataset/dlis_data/15_9-F-9_1.DLIS,Moderate to Poor
F-9,434.0,dataset/dlis_data/15_9-F-9_1.DLIS,Moderate to Poor
F-9,435.0,dataset/dlis_data/15_9-F-9_1.DLIS,Moderate to Poor
F-9,436.0,dataset/dlis_data/15_9-F-9_1.DLIS,Moderate to Poor
F-9,437.0,dataset/dlis_data/15_9-F-9_1.DLIS,Moderate to Poor
F-9,438.0,dataset/dlis_data/15_9-F-9_1.DLIS,Moderate to Poor
F-9,439.0,dataset/dlis_data/15_9-F-9_1.DLIS,Moderate to Poor
F-9,440.0,dataset/dlis_data/15_9-F-9_1.DLIS,Moderate
F-9,441.0,dataset/dlis_data/15_9-F-9_1.DLIS,Moderate
F-9,442.0,dataset/dlis_data/15_9-F-9_1.DLIS,Moderate
F-9,443.0,dataset/dlis_data/15_9-F-9_1.DLIS,Moderate
F-9,444.0,dataset/dlis_data/15_9-F-9_1.DLIS,Moderate
F-9,445.0,dataset/dlis_data/15_9-F-9_1.DLIS,Moderate
F-9,446.0,dataset/dlis_data/15_9-F-9_1.DLIS,Moderate
F-9,447.0,dataset/dlis_data/15_9-F-9_1.DLIS,Moderate
F-9,448.0,dataset/dlis_data/15_9-F-9_1.DLIS,Moderate
F-9,449.0,dataset/dlis_data/15_9-F-9_1.DLIS,Moderate
F-9,450.0,dataset/dlis_data/15_9-F-9_1.DLIS,Moderate
F-9,451.0,dataset/dlis_data/15_9-F-9_1.DLIS,Moderate
F-9,452.0,dataset/dlis_data/15_9-F-9_1.DLIS,Moderate
F-9,453.0,dataset/dlis_data/15_9-F-9_1.DLIS,Moderate
F-9,454.0,dataset/dlis_data/15_9-F-9_1.DLIS,Moderate to Poor
F-9,455.0,dataset/dlis_data/15_9-F-9_1.DLIS,Moderate to Poor
F-9,456.0,dataset/dlis_data/15_9-F-9_1.DLIS,Moderate to Poor
F-9,457.0,dataset/dlis_data/15_9-F-9_1.DLIS,Moderate to Poor
F-9,458.0,dataset/dlis_data/15_9-F-9_1.DLIS,Moderate to Poor
F-9,459.0,dataset/dlis_data/15_9-F-9_1.DLIS,Moderate to Poor
F-9,460.0,dataset/dlis_data/15_9-F-9_1.DLIS,Moderate to Poor
F-9,461.0,dataset/dlis_data/15_9-F-9_1.DLIS,Moderate to Poor
F-9,462.0,dataset/dlis_data/15_9-F-9_1.DLIS,Moderate to Poor
F-9,463.0,dataset/dlis_data/15_9-F-9_1.DLIS,Moderate to Poor
F-9,464.0,dataset/dlis_data/15_9-F-9_1.DLIS,Moderate to Poor
F-9,465.0,dataset/dlis_data/15_9-F-9_1.DLIS,Moderate to Poor
F-9,466.0,dataset/dlis_data/15_9-F-9_1.DLIS,Moderate to Poor
F-9,467.0,dataset/dlis_data/15_9-F-9_1.DLIS,Moderate to Poor
F-9,468.0,dataset/dlis_data/15_9-F-9_1.DLIS,Moderate to Poor
F-9,469.0,dataset/dlis_data/15_9-F-9_1.DLIS,Moderate to Poor
F-9,470.0,dataset/dlis_data/15_9-F-9_1.DLIS,Moderate to Poor
F-9,471.0,dataset/dlis_data/15_9-F-9_1.DLIS,Moderate to Poor
F-9,472.0,dataset/dlis_data/15_9-F-9_1.DLIS,Moderate to Poor
F-9,473.0,dataset/dlis_data/15_9-F-9_1.DLIS,Moderate to Poor
F-9,474.0,dataset/dlis_data/15_9-F-9_1.DLIS,Moderate to Poor
F-9,475.0,dataset/dlis_data/15_9-F-9_1.DLIS,Moderate to Poor
F-9,476.0,dataset/dlis_data/15_9-F-9_1.DLIS,Moderate to Poor
F-9,477.0,dataset/dlis_data/15_9-F-9_1.DLIS,Moderate to Poor
F-9,478.0,dataset/dlis_data/15_9-F-9_1.DLIS,Moderate to Poor
F-9,479.0,dataset/dlis_data/15_9-F-9_1.DLIS,Moderate to Poor
F-9,480.0,dataset/dlis_data/15_9-F-9_1.DLIS,Good to Moderate
F-9,481.0,dataset/dlis_data/15_9-F-9_1.DLIS,Good to Moderate
F-9,482.0,dataset/dlis_data/15_9-F-9_1.DLIS,Good to Moderate
F-9,483.0,dataset/dlis_data/15_9-F-9_1.DLIS,Good to Moderate
F-9,484.0,dataset/dlis_data/15_9-F-9_1.DLIS,Good to Moderate
F-9,485.0,dataset/dlis_data/15_9-F-9_1.DLIS,Good to Moderate
F-9,486.0,dataset/dlis_data/15_9-F-9_1.DLIS,Good to Moderate
F-9,487.0,dataset/dlis_data/15_9-F-9_1.DLIS,Good to Moderate
F-9,488.0,dataset/dlis_data/15_9-F-9_1.DLIS,Good to Moderate
F-9,489.0,dataset/dlis_data/15_9-F-9_1.DLIS,Good to Moderate
F-9,490.0,dataset/dlis_data/15_9-F-9_1.DLIS,Good to Moderate
F-9,491.0,dataset/dlis_data/15_9-F-9_1.DLIS,Good to Moderate
F-9,492.0,dataset/dlis_data/15_9-F-9_1.DLIS,Good to Moderate
F-9,493.0,dataset/dlis_data/15_9-F-9_1.DLIS,Good to Moderate
F-9,494.0,dataset/dlis_data/15_9-F-9_1.DLIS,Good to Moderate
F-9,495.0,dataset/dlis_data/15_9-F-9_1.DLIS,Good to Moderate
F-9,496.0,dataset/dlis_data/15_9-F-9_1.DLIS,Good to Moderate
F-9,497.0,dataset/dlis_data/15_9-F-9_1.DLIS,Good to Moderate
F-9,498.0,dataset/dlis_data/15_9-F-9_1.DLIS,Good to Moderate
F-9,499.0,dataset/dlis_data/15_9-F-9_1.DLIS,Good to Moderate
F-9,500.0,dataset/dlis_data/15_9-F-9_1.DLIS,Good to Moderate
F-9,501.0,dataset/dlis_data/15_9-F-9_1.DLIS,Good to Moderate
F-9,502.0,dataset/dlis_data/15_9-F-9_1.DLIS,Good to Moderate
F-9,503.0,dataset/dlis_data/15_9-F-9_1.DLIS,Good to Moderate
F-9,504.0,dataset/dlis_data/15_9-F-9_1.DLIS,Good to Moderate
F-9,505.0,dataset/dlis_data/15_9-F-9_1.DLIS,Good to Moderate
F-9,506.0,dataset/dlis_data/15_9-F-9_1.DLIS,Good to Moderate
F-9,507.0,dataset/dlis_data/15_9-F-9_1.DLIS,Good to Moderate
F-9,508.0,dataset/dlis_data/15_9-F-9_1.DLIS,Good to Moderate
F-9,509.0,dataset/dlis_data/15_9-F-9_1.DLIS,Good to Moderate
F-9,510.0,dataset/dlis_data/15_9-F-9_1.DLIS,Good to Moderate
F-9,511.0,dataset/dlis_data/15_9-F-9_1.DLIS,Good to Moderate
F-9,512.0,dataset/dlis_data/15_9-F-9_1.DLIS,Good to Moderate
F-9,513.0,dataset/dlis_data/15_9-F-9_1.DLIS,Good to Moderate
F-9,514.0,dataset/dlis_data/15_9-F-9_1.DLIS,Good to Moderate
F-9,515.0,dataset/dlis_data/15_9-F-9_1.DLIS,Good to Moderate
F-9,516.0,dataset/dlis_data/15_9-F-9_1.DLIS,Good to Moderate
F-9,517.0,dataset/dlis_data/15_9-F-9_1.DLIS,Good to Moderate
F-9,518.0,dataset/dlis_data/15_9-F-9_1.DLIS,Good to Moderate
F-9,519.0,dataset/dlis_data/15_9-F-9_1.DLIS,Good to Moderate
F-9,520.0,dataset/dlis_data/15_9-F-9_1.DLIS,Good to Moderate
F-9,521.0,dataset/dlis_data/15_9-F-9_1.DLIS,Good to Moderate
F-9,522.0,dataset/dlis_data/15_9-F-9_1.DLIS,Good to Moderate
F-9,523.0,dataset/dlis_data/15_9-F-9_1.DLIS,Good to Moderate
F-9,524.0,dataset/dlis_data/15_9-F-9_1.DLIS,Good to Moderate
F-9,525.0,dataset/dlis_data/15_9-F-9_1.DLIS,Good to Moderate
F-9,526.0,dataset/dlis_data/15_9-F-9_1.DLIS,Good to Moderate
F-9,527.0,dataset/dlis_data/15_9-F-9_1.DLIS,Good to Moderate
F-9,528.0,dataset/dlis_data/15_9-F-9_1.DLIS,Good to Moderate
F-9,529.0,dataset/dlis_data/15_9-F-9_1.DLIS,Good to Moderate
F-9,530.0,dataset/dlis_data/15_9-F-9_1.DLIS,Good to Moderate
F-9,531.0,dataset/dlis_data/15_9-F-9_1.DLIS,Good to Moderate
F-9,532.0,dataset/dlis_data/15_9-F-9_1.DLIS,Good to Moderate
F-9,533.0,dataset/dlis_data/15_9-F-9_1.DLIS,Good to Moderate
F-9,534.0,dataset/dlis_data/15_9-F-9_1.DLIS,Good to Moderate
F-9,535.0,dataset/dlis_data/15_9-F-9_1.DLIS,Good to Moderate
F-9,536.0,dataset/dlis_data/15_9-F-9_1.DLIS,Good to Moderate
F-9,537.0,dataset/dlis_data/15_9-F-9_1.DLIS,Good to Moderate
F-9,538.0,dataset/dlis_data/15_9-F-9_1.DLIS,Good to Moderate
F-9,539.0,dataset/dlis_data/15_9-F-9_1.DLIS,Good to Moderate
F-9,540.0,dataset/dlis_data/15_9-F-9_1.DLIS,Good to Moderate
F-9,541.0,dataset/dlis_data/15_9-F-9_1.DLIS,Good to Moderate
F-9,542.0,dataset/dlis_data/15_9-F-9_1.DLIS,Good to Moderate
F-9,543.0,dataset/dlis_data/15_9-F-9_1.DLIS,Good to Moderate
F-9,544.0,dataset/dlis_data/15_9-F-9_1.DLIS,Good to Moderate
F-9,545.0,dataset/dlis_data/15_9-F-9_1.DLIS,Good to Moderate
F-9,546.0,dataset/dlis_data/15_9-F-9_1.DLIS,Good to Moderate
F-9,547.0,dataset/dlis_data/15_9-F-9_1.DLIS,Good to Moderate
F-9,548.0,dataset/dlis_data/15_9-F-9_1.DLIS,Good to Moderate
F-9,549.0,dataset/dlis_data/15_9-F-9_1.DLIS,Good to Moderate
F-9,550.0,dataset/dlis_data/15_9-F-9_1.DLIS,Moderate
F-9,551.0,dataset/dlis_data/15_9-F-9_1.DLIS,Moderate
F-9,552.0,dataset/dlis_data/15_9-F-9_1.DLIS,Moderate
F-9,553.0,dataset/dlis_data/15_9-F-9_1.DLIS,Moderate
F-9,554.0,dataset/dlis_data/15_9-F-9_1.DLIS,Moderate
F-9,555.0,dataset/dlis_data/15_9-F-9_1.DLIS,Moderate
F-9,556.0,dataset/dlis_data/15_9-F-9_1.DLIS,Moderate
F-9,557.0,dataset/dlis_data/15_9-F-9_1.DLIS,Moderate
F-9,558.0,dataset/dlis_data/15_9-F-9_1.DLIS,Moderate
F-9,559.0,dataset/dlis_data/15_9-F-9_1.DLIS,Moderate
F-9,560.0,dataset/dlis_data/15_9-F-9_1.DLIS,Moderate
F-9,561.0,dataset/dlis_data/15_9-F-9_1.DLIS,Moderate
F-9,562.0,dataset/dlis_data/15_9-F-9_1.DLIS,Moderate
F-9,563.0,dataset/dlis_data/15_9-F-9_1.DLIS,Moderate
F-9,564.0,dataset/dlis_data/15_9-F-9_1.DLIS,Moderate
F-9,565.0,dataset/dlis_data/15_9-F-9_1.DLIS,Moderate
F-9,566.0,dataset/dlis_data/15_9-F-9_1.DLIS,Moderate
F-9,567.0,dataset/dlis_data/15_9-F-9_1.DLIS,Moderate
F-9,568.0,dataset/dlis_data/15_9-F-9_1.DLIS,Moderate
F-9,569.0,dataset/dlis_data/15_9-F-9_1.DLIS,Moderate
F-9,570.0,dataset/dlis_data/15_9-F-9_1.DLIS,Moderate
F-9,571.0,dataset/dlis_data/15_9-F-9_1.DLIS,Moderate
F-9,572.0,dataset/dlis_data/15_9-F-9_1.DLIS,Moderate
F-9,573.0,dataset/dlis_data/15_9-F-9_1.DLIS,Moderate
F-9,574.0,dataset/dlis_data/15_9-F-9_1.DLIS,Moderate
F-9,575.0,dataset/dlis_data/15_9-F-9_1.DLIS,Moderate
F-9,576.0,dataset/dlis_data/15_9-F-9_1.DLIS,Moderate
F-9,577.0,dataset/dlis_data/15_9-F-9_1.DLIS,Moderate
F-9,578.0,dataset/dlis_data/15_9-F-9_1.DLIS,Moderate
F-9,579.0,dataset/dlis_data/15_9-F-9_1.DLIS,Moderate
F-9,580.0,dataset/dlis_data/15_9-F-9_1.DLIS,Moderate
F-9,581.0,dataset/dlis_data/15_9-F-9_1.DLIS,Moderate
F-9,582.0,dataset/dlis_data/15_9-F-9_1.DLIS,Moderate
F-9,583.0,dataset/dlis_data/15_9-F-9_1.DLIS,Moderate
F-9,584.0,dataset/dlis_data/15_9-F-9_1.DLIS,Moderate
F-9,585.0,dataset/dlis_data/15_9-F-9_1.DLIS,Moderate
F-9,586.0,dataset/dlis_data/15_9-F-9_1.DLIS,Moderate
F-9,587.0,dataset/dlis_data/15_9-F-9_1.DLIS,Moderate
F-9,588.0,dataset/dlis_data/15_9-F-9_1.DLIS,Moderate
F-9,589.0,dataset/dlis_data/15_9-F-9_1.DLIS,Moderate
F-9,590.0,dataset/dlis_data/15_9-F-9_1.DLIS,Moderate
F-9,591.0,dataset/dlis_data/15_9-F-9_1.DLIS,Moderate
F-9,592.0,dataset/dlis_data/15_9-F-9_1.DLIS,Moderate
F-9,593.0,dataset/dlis_data/15_9-F-9_1.DLIS,Moderate
F-9,594.0,dataset/dlis_data/15_9-F-9_1.DLIS,Moderate
F-9,595.0,dataset/dlis_data/15_9-F-9_1.DLIS,Moderate
F-9,596.0,dataset/dlis_data/15_9-F-9_1.DLIS,Moderate
F-9,597.0,dataset/dlis_data/15_9-F-9_1.DLIS,Moderate
F-9,598.0,dataset/dlis_data/15_9-F-9_1.DLIS,Moderate
F-9,599.0,dataset/dlis_data/15_9-F-9_1.DLIS,Moderate
F-9,600.0,dataset/dlis_data/15_9-F-9_1.DLIS,Moderate
F-9,601.0,dataset/dlis_data/15_9-F-9_1.DLIS,Moderate
F-9,602.0,dataset/dlis_data/15_9-F-9_1.DLIS,Moderate
F-9,603.0,dataset/dlis_data/15_9-F-9_1.DLIS,Moderate
F-9,604.0,dataset/dlis_data/15_9-F-9_1.DLIS,Moderate
F-9,605.0,dataset/dlis_data/15_9-F-9_1.DLIS,Moderate
F-9,606.0,dataset/dlis_data/15_9-F-9_1.DLIS,Moderate
F-9,607.0,dataset/dlis_data/15_9-F-9_1.DLIS,Moderate
F-9,608.0,dataset/dlis_data/15_9-F-9_1.DLIS,Moderate
F-9,609.0,dataset/dlis_data/15_9-F-9_1.DLIS,Moderate
F-9,610.0,dataset/dlis_data/15_9-F-9_1.DLIS,Moderate
F-9,611.0,dataset/dlis_data/15_9-F-9_1.DLIS,Moderate
F-9,612.0,dataset/dlis_data/15_9-F-9_1.DLIS,Moderate
F-9,613.0,dataset/dlis_data/15_9-F-9_1.DLIS,Moderate
F-9,614.0,dataset/dlis_data/15_9-F-9_1.DLIS,Moderate
F-9,615.0,dataset/dlis_data/15_9-F-9_1.DLIS,Moderate
F-9,616.0,dataset/dlis_data/15_9-F-9_1.DLIS,Moderate
F-9,617.0,dataset/dlis_data/15_9-F-9_1.DLIS,Moderate
F-9,618.0,dataset/dlis_data/15_9-F-9_1.DLIS,Moderate
F-9,619.0,dataset/dlis_data/15_9-F-9_1.DLIS,Moderate
F-9,620.0,dataset/dlis_data/15_9-F-9_1.DLIS,Moderate
F-9,621.0,dataset/dlis_data/15_9-F-9_1.DLIS,Moderate
F-9,622.0,dataset/dlis_data/15_9-F-9_1.DLIS,Moderate
F-9,623.0,dataset/dlis_data/15_9-F-9_1.DLIS,Moderate
F-9,624.0,dataset/dlis_data/15_9-F-9_1.DLIS,Moderate
F-9,625.0,dataset/dlis_data/15_9-F-9_1.DLIS,Moderate
F-9,626.0,dataset/dlis_data/15_9-F-9_1.DLIS,Moderate
F-9,627.0,dataset/dlis_data/15_9-F-9_1.DLIS,Moderate
F-9,628.0,dataset/dlis_data/15_9-F-9_1.DLIS,Moderate
F-9,629.0,dataset/dlis_data/15_9-F-9_1.DLIS,Moderate
F-9,630.0,dataset/dlis_data/15_9-F-9_1.DLIS,Moderate
F-9,631.0,dataset/dlis_data/15_9-F-9_1.DLIS,Moderate
F-9,632.0,dataset/dlis_data/15_9-F-9_1.DLIS,Moderate
F-9,633.0,dataset/dlis_data/15_9-F-9_1.DLIS,Moderate
F-9,634.0,dataset/dlis_data/15_9-F-9_1.DLIS,Moderate
F-9,635.0,dataset/dlis_data/15_9-F-9_1.DLIS,Moderate
F-9,636.0,dataset/dlis_data/15_9-F-9_1.DLIS,Moderate
F-9,637.0,dataset/dlis_data/15_9-F-9_1.DLIS,Moderate
F-9,638.0,dataset/dlis_data/15_9-F-9_1.DLIS,Moderate
F-9,639.0,dataset/dlis_data/15_9-F-9_1.DLIS,Moderate
F-9,640.0,dataset/dlis_data/15_9-F-9_1.DLIS,Moderate
F-9,641.0,dataset/dlis_data/15_9-F-9_1.DLIS,Moderate
F-9,642.0,dataset/dlis_data/15_9-F-9_1.DLIS,Moderate
F-9,643.0,dataset/dlis_data/15_9-F-9_1.DLIS,Moderate
F-9,644.0,dataset/dlis_data/15_9-F-9_1.DLIS,Moderate
F-9,645.0,dataset/dlis_data/15_9-F-9_1.DLIS,Moderate
F-9,646.0,dataset/dlis_data/15_9-F-9_1.DLIS,Moderate
F-9,647.0,dataset/dlis_data/15_9-F-9_1.DLIS,Moderate
F-9,648.0,dataset/dlis_data/15_9-F-9_1.DLIS,Moderate
F-9,649.0,dataset/dlis_data/15_9-F-9_1.DLIS,Moderate
F-9,650.0,dataset/dlis_data/15_9-F-9_1.DLIS,Moderate
F-9,651.0,dataset/dlis_data/15_9-F-9_1.DLIS,Moderate
F-9,652.0,dataset/dlis_data/15_9-F-9_1.DLIS,Moderate
F-9,653.0,dataset/dlis_data/15_9-F-9_1.DLIS,Moderate
F-9,654.0,dataset/dlis_data/15_9-F-9_1.DLIS,Moderate
F-9,655.0,dataset/dlis_data/15_9-F-9_1.DLIS,Moderate
F-9,656.0,dataset/dlis_data/15_9-F-9_1.DLIS,Moderate
F-9,657.0,dataset/dlis_data/15_9-F-9_1.DLIS,Moderate
F-9,658.0,dataset/dlis_data/15_9-F-9_1.DLIS,Moderate
F-9,659.0,dataset/dlis_data/15_9-F-9_1.DLIS,Moderate
F-9,660.0,dataset/dlis_data/15_9-F-9_1.DLIS,Moderate
F-9,661.0,dataset/dlis_data/15_9-F-9_1.DLIS,Moderate
F-9,662.0,dataset/dlis_data/15_9-F-9_1.DLIS,Moderate
F-9,663.0,dataset/dlis_data/15_9-F-9_1.DLIS,Moderate
F-9,664.0,dataset/dlis_data/15_9-F-9_1.DLIS,Moderate
F-9,665.0,dataset/dlis_data/15_9-F-9_1.DLIS,Moderate
F-9,666.0,dataset/dlis_data/15_9-F-9_1.DLIS,Moderate
F-9,667.0,dataset/dlis_data/15_9-F-9_1.DLIS,Moderate
F-9,668.0,dataset/dlis_data/15_9-F-9_1.DLIS,Moderate
F-9,669.0,dataset/dlis_data/15_9-F-9_1.DLIS,Moderate
F-9,670.0,dataset/dlis_data/15_9-F-9_1.DLIS,Moderate
F-9,671.0,dataset/dlis_data/15_9-F-9_1.DLIS,Moderate
F-9,672.0,dataset/dlis_data/15_9-F-9_1.DLIS,Moderate
F-9,673.0,dataset/dlis_data/15_9-F-9_1.DLIS,Moderate
F-9,674.0,dataset/dlis_data/15_9-F-9_1.DLIS,Moderate
F-9,675.0,dataset/dlis_data/15_9-F-9_1.DLIS,Moderate to Poor
F-9,676.0,dataset/dlis_data/15_9-F-9_1.DLIS,Moderate to Poor
F-9,677.0,dataset/dlis_data/15_9-F-9_1.DLIS,Moderate to Poor
F-9,678.0,dataset/dlis_data/15_9-F-9_1.DLIS,Moderate to Poor
F-9,679.0,dataset/dlis_data/15_9-F-9_1.DLIS,Moderate to Poor
F-9,680.0,dataset/dlis_data/15_9-F-9_1.DLIS,Moderate to Poor
F-9,681.0,dataset/dlis_data/15_9-F-9_1.DLIS,Moderate to Poor
F-9,682.0,dataset/dlis_data/15_9-F-9_1.DLIS,Moderate to Poor
F-9,683.0,dataset/dlis_data/15_9-F-9_1.DLIS,Moderate to Poor
F-9,684.0,dataset/dlis_data/15_9-F-9_1.DLIS,Moderate to Poor
F-9,685.0,dataset/dlis_data/15_9-F-9_1.DLIS,Moderate to Poor
F-9,686.0,dataset/dlis_data/15_9-F-9_1.DLIS,Moderate to Poor
F-9,687.0,dataset/dlis_data/15_9-F-9_1.DLIS,Moderate to Poor
F-9,688.0,dataset/dlis_data/15_9-F-9_1.DLIS,Moderate to Poor
F-9,689.0,dataset/dlis_data/15_9-F-9_1.DLIS,Moderate to Poor
F-9,690.0,dataset/dlis_data/15_9-F-9_1.DLIS,Moderate to Poor
F-9,691.0,dataset/dlis_data/15_9-F-9_1.DLIS,Moderate to Poor
F-9,692.0,dataset/dlis_data/15_9-F-9_1.DLIS,Moderate to Poor
F-9,693.0,dataset/dlis_data/15_9-F-9_1.DLIS,Moderate to Poor
F-9,694.0,dataset/dlis_data/15_9-F-9_1.DLIS,Moderate to Poor
F-9,695.0,dataset/dlis_data/15_9-F-9_1.DLIS,Moderate to Poor
F-9,696.0,dataset/dlis_data/15_9-F-9_1.DLIS,Moderate to Poor
F-9,697.0,dataset/dlis_data/15_9-F-9_1.DLIS,Moderate to Poor
F-9,698.0,dataset/dlis_data/15_9-F-9_1.DLIS,Moderate to Poor
F-9,699.0,dataset/dlis_data/15_9-F-9_1.DLIS,Moderate to Poor
F-9,700.0,dataset/dlis_data/15_9-F-9_1.DLIS,Moderate to Poor
F-9,701.0,dataset/dlis_data/15_9-F-9_1.DLIS,Moderate to Poor
F-9,702.0,dataset/dlis_data/15_9-F-9_1.DLIS,Moderate to Poor
F-9,703.0,dataset/dlis_data/15_9-F-9_1.DLIS,Moderate to Poor
F-9,704.0,dataset/dlis_data/15_9-F-9_1.DLIS,Moderate to Poor
F-9,705.0,dataset/dlis_data/15_9-F-9_1.DLIS,Moderate to Poor
F-9,706.0,dataset/dlis_data/15_9-F-9_1.DLIS,Moderate to Poor
F-9,707.0,dataset/dlis_data/15_9-F-9_1.DLIS,Moderate to Poor
F-9,708.0,dataset/dlis_data/15_9-F-9_1.DLIS,Moderate to Poor
F-9,709.0,dataset/dlis_data/15_9-F-9_1.DLIS,Moderate to Poor
F-9,710.0,dataset/dlis_data/15_9-F-9_1.DLIS,Moderate to Poor
F-9,711.0,dataset/dlis_data/15_9-F-9_1.DLIS,Moderate to Poor
F-9,712.0,dataset/dlis_data/15_9-F-9_1.DLIS,Moderate to Poor
F-9,713.0,dataset/dlis_data/15_9-F-9_1.DLIS,Moderate to Poor
F-9,714.0,dataset/dlis_data/15_9-F-9_1.DLIS,Moderate to Poor
F-9,715.0,dataset/dlis_data/15_9-F-9_1.DLIS,Moderate to Poor
F-9,716.0,dataset/dlis_data/15_9-F-9_1.DLIS,Moderate to Poor
F-9,717.0,dataset/dlis_data/15_9-F-9_1.DLIS,Moderate to Poor
F-9,718.0,dataset/dlis_data/15_9-F-9_1.DLIS,Moderate to Poor
F-9,719.0,dataset/dlis_data/15_9-F-9_1.DLIS,Moderate to Poor
F-9,720.0,dataset/dlis_data/15_9-F-9_1.DLIS,Moderate to Poor
F-9,721.0,dataset/dlis_data/15_9-F-9_1.DLIS,Moderate to Poor
F-9,722.0,dataset/dlis_data/15_9-F-9_1.DLIS,Moderate to Poor
F-9,723.0,dataset/dlis_data/15_9-F-9_1.DLIS,Moderate to Poor
F-9,724.0,dataset/dlis_data/15_9-F-9_1.DLIS,Moderate to Poor
F-9,725.0,dataset/dlis_data/15_9-F-9_1.DLIS,Moderate to Poor
F-9,726.0,dataset/dlis_data/15_9-F-9_1.DLIS,Moderate to Poor
F-9,727.0,dataset/dlis_data/15_9-F-9_1.DLIS,Moderate to Poor
F-9,728.0,dataset/dlis_data/15_9-F-9_1.DLIS,Moderate to Poor
F-9,729.0,dataset/dlis_data/15_9-F-9_1.DLIS,Moderate to Poor
F-9,730.0,dataset/dlis_data/15_9-F-9_1.DLIS,Moderate to Poor
F-9,731.0,dataset/dlis_data/15_9-F-9_1.DLIS,Moderate to Poor
F-9,732.0,dataset/dlis_data/15_9-F-9_1.DLIS,Moderate to Poor
F-9,733.0,dataset/dlis_data/15_9-F-9_1.DLIS,Moderate to Poor
F-9,734.0,dataset/dlis_data/15_9-F-9_1.DLIS,Moderate to Poor
F-9,735.0,dataset/dlis_data/15_9-F-9_1.DLIS,Moderate to Poor
F-9,736.0,dataset/dlis_data/15_9-F-9_1.DLIS,Moderate to Poor
F-9,737.0,dataset/dlis_data/15_9-F-9_1.DLIS,Moderate to Poor
F-9,738.0,dataset/dlis_data/15_9-F-9_1.DLIS,Moderate to Poor
F-9,739.0,dataset/dlis_data/15_9-F-9_1.DLIS,Moderate to Poor
F-9,740.0,dataset/dlis_data/15_9-F-9_1.DLIS,Moderate to Poor
F-9,741.0,dataset/dlis_data/15_9-F-9_1.DLIS,Moderate to Poor
F-9,742.0,dataset/dlis_data/15_9-F-9_1.DLIS,Moderate to Poor
F-9,743.0,dataset/dlis_data/15_9-F-9_1.DLIS,Moderate to Poor
F-9,744.0,dataset/dlis_data/15_9-F-9_1.DLIS,Moderate to Poor
F-9,745.0,dataset/dlis_data/15_9-F-9_1.DLIS,Moderate to Poor
F-9,746.0,dataset/dlis_data/15_9-F-9_1.DLIS,Moderate to Poor
F-9,747.0,dataset/dlis_data/15_9-F-9_1.DLIS,Moderate to Poor
F-9,748.0,dataset/dlis_data/15_9-F-9_1.DLIS,Moderate to Poor
F-9,749.0,dataset/dlis_data/15_9-F-9_1.DLIS,Moderate to Poor
F-9,750.0,dataset/dlis_data/15_9-F-9_1.DLIS,Moderate to Poor
F-9,751.0,dataset/dlis_data/15_9-F-9_1.DLIS,Good to Moderate
F-9,752.0,dataset/dlis_data/15_9-F-9_1.DLIS,Good to Moderate
F-9,753.0,dataset/dlis_data/15_9-F-9_1.DLIS,Good to Moderate
F-9,754.0,dataset/dlis_data/15_9-F-9_1.DLIS,Good to Moderate
F-9,755.0,dataset/dlis_data/15_9-F-9_1.DLIS,Good to Moderate
F-9,756.0,dataset/dlis_data/15_9-F-9_1.DLIS,Good to Moderate
F-9,757.0,dataset/dlis_data/15_9-F-9_1.DLIS,Moderate
F-9,758.0,dataset/dlis_data/15_9-F-9_1.DLIS,Moderate
F-9,759.0,dataset/dlis_data/15_9-F-9_1.DLIS,Moderate
F-9,760.0,dataset/dlis_data/15_9-F-9_1.DLIS,Moderate
F-9,761.0,dataset/dlis_data/15_9-F-9_1.DLIS,Moderate
F-9,762.0,dataset/dlis_data/15_9-F-9_1.DLIS,Moderate
F-9,763.0,dataset/dlis_data/15_9-F-9_1.DLIS,Moderate
F-9,764.0,dataset/dlis_data/15_9-F-9_1.DLIS,Moderate
F-9,765.0,dataset/dlis_data/15_9-F-9_1.DLIS,Moderate
F-9,766.0,dataset/dlis_data/15_9-F-9_1.DLIS,Moderate
F-9,767.0,dataset/dlis_data/15_9-F-9_1.DLIS,Moderate
F-9,768.0,dataset/dlis_data/15_9-F-9_1.DLIS,Moderate
F-9,769.0,dataset/dlis_data/15_9-F-9_1.DLIS,Moderate
F-9,770.0,dataset/dlis_data/15_9-F-9_1.DLIS,Moderate
F-9,771.0,dataset/dlis_data/15_9-F-9_1.DLIS,Moderate
F-9,772.0,dataset/dlis_data/15_9-F-9_1.DLIS,Moderate
F-9,773.0,dataset/dlis_data/15_9-F-9_1.DLIS,Moderate
F-9,774.0,dataset/dlis_data/15_9-F-9_1.DLIS,Moderate
F-9,775.0,dataset/dlis_data/15_9-F-9_1.DLIS,Moderate
F-9,776.0,dataset/dlis_data/15_9-F-9_1.DLIS,Moderate
F-9,777.0,dataset/dlis_data/15_9-F-9_1.DLIS,Moderate
F-9,778.0,dataset/dlis_data/15_9-F-9_1.DLIS,Moderate
F-9,779.0,dataset/dlis_data/15_9-F-9_1.DLIS,Moderate
F-9,780.0,dataset/dlis_data/15_9-F-9_1.DLIS,Moderate
F-9,781.0,dataset/dlis_data/15_9-F-9_1.DLIS,Moderate
F-9,782.0,dataset/dlis_data/15_9-F-9_1.DLIS,Moderate
F-9,783.0,dataset/dlis_data/15_9-F-9_1.DLIS,Moderate
F-9,784.0,dataset/dlis_data/15_9-F-9_1.DLIS,Moderate
F-9,785.0,dataset/dlis_data/15_9-F-9_1.DLIS,Moderate
F-9,786.0,dataset/dlis_data/15_9-F-9_1.DLIS,Moderate
F-9,787.0,dataset/dlis_data/15_9-F-9_1.DLIS,Moderate
F-9,788.0,dataset/dlis_data/15_9-F-9_1.DLIS,Moderate
F-9,789.0,dataset/dlis_data/15_9-F-9_1.DLIS,Moderate
F-9,790.0,dataset/dlis_data/15_9-F-9_1.DLIS,Moderate
F-9,791.0,dataset/dlis_data/15_9-F-9_1.DLIS,Moderate
F-9,792.0,dataset/dlis_data/15_9-F-9_1.DLIS,Moderate
F-9,793.0,dataset/dlis_data/15_9-F-9_1.DLIS,Moderate
F-9,794.0,dataset/dlis_data/15_9-F-9_1.DLIS,Moderate
F-9,795.0,dataset/dlis_data/15_9-F-9_1.DLIS,Moderate
F-9,796.0,dataset/dlis_data/15_9-F-9_1.DLIS,Moderate
F-9,797.0,dataset/dlis_data/15_9-F-9_1.DLIS,Moderate
F-9,798.0,dataset/dlis_data/15_9-F-9_1.DLIS,Moderate
F-9,799.0,dataset/dlis_data/15_9-F-9_1.DLIS,Moderate
F-9,800.0,dataset/dlis_data/15_9-F-9_1.DLIS,Moderate
F-9,801.0,dataset/dlis_data/15_9-F-9_1.DLIS,Moderate
F-9,802.0,dataset/dlis_data/15_9-F-9_1.DLIS,Moderate
F-9,803.0,dataset/dlis_data/15_9-F-9_1.DLIS,Moderate
F-9,804.0,dataset/dlis_data/15_9-F-9_1.DLIS,Moderate
F-9,805.0,dataset/dlis_data/15_9-F-9_1.DLIS,Moderate
F-9,806.0,dataset/dlis_data/15_9-F-9_1.DLIS,Moderate
F-9,807.0,dataset/dlis_data/15_9-F-9_1.DLIS,Moderate
F-9,808.0,dataset/dlis_data/15_9-F-9_1.DLIS,Moderate
F-9,809.0,dataset/dlis_data/15_9-F-9_1.DLIS,Moderate
F-9,810.0,dataset/dlis_data/15_9-F-9_1.DLIS,Moderate
F-9,811.0,dataset/dlis_data/15_9-F-9_1.DLIS,Moderate
F-9,812.0,dataset/dlis_data/15_9-F-9_1.DLIS,Moderate
F-9,813.0,dataset/dlis_data/15_9-F-9_1.DLIS,Moderate
F-9,814.0,dataset/dlis_data/15_9-F-9_1.DLIS,Moderate
F-9,815.0,dataset/dlis_data/15_9-F-9_1.DLIS,Moderate
F-9,816.0,dataset/dlis_data/15_9-F-9_1.DLIS,Moderate
F-9,817.0,dataset/dlis_data/15_9-F-9_1.DLIS,Moderate
F-9,818.0,dataset/dlis_data/15_9-F-9_1.DLIS,Moderate
F-9,819.0,dataset/dlis_data/15_9-F-9_1.DLIS,Moderate
F-9,820.0,dataset/dlis_data/15_9-F-9_1.DLIS,Moderate
F-9,821.0,dataset/dlis_data/15_9-F-9_1.DLIS,Moderate
F-9,822.0,dataset/dlis_data/15_9-F-9_1.DLIS,Moderate
F-9,823.0,dataset/dlis_data/15_9-F-9_1.DLIS,Moderate
F-9,824.0,dataset/dlis_data/15_9-F-9_1.DLIS,Moderate
F-9,825.0,dataset/dlis_data/15_9-F-9_1.DLIS,Moderate
F-9,826.0,dataset/dlis_data/15_9-F-9_1.DLIS,Moderate
F-9,827.0,dataset/dlis_data/15_9-F-9_1.DLIS,Moderate
F-9,828.0,dataset/dlis_data/15_9-F-9_1.DLIS,Moderate
F-9,829.0,dataset/dlis_data/15_9-F-9_1.DLIS,Moderate
F-9,830.0,dataset/dlis_data/15_9-F-9_1.DLIS,Moderate
F-9,831.0,dataset/dlis_data/15_9-F-9_1.DLIS,Moderate
F-9,832.0,dataset/dlis_data/15_9-F-9_1.DLIS,Moderate
F-9,833.0,dataset/dlis_data/15_9-F-9_1.DLIS,Moderate
F-9,834.0,dataset/dlis_data/15_9-F-9_1.DLIS,Moderate
F-9,835.0,dataset/dlis_data/15_9-F-9_1.DLIS,Moderate
F-9,836.0,dataset/dlis_data/15_9-F-9_1.DLIS,Moderate
F-9,837.0,dataset/dlis_data/15_9-F-9_1.DLIS,Moderate
F-9,838.0,dataset/dlis_data/15_9-F-9_1.DLIS,Moderate
F-9,839.0,dataset/dlis_data/15_9-F-9_1.DLIS,Moderate
F-9,840.0,dataset/dlis_data/15_9-F-9_1.DLIS,Moderate
F-9,841.0,dataset/dlis_data/15_9-F-9_1.DLIS,Moderate
F-9,842.0,dataset/dlis_data/15_9-F-9_1.DLIS,Moderate
F-9,843.0,dataset/dlis_data/15_9-F-9_1.DLIS,Moderate
F-9,844.0,dataset/dlis_data/15_9-F-9_1.DLIS,Moderate
F-9,845.0,dataset/dlis_data/15_9-F-9_1.DLIS,Moderate
F-11,2492.0,dataset/dlis_data/15_9-F-11 B_2.DLIS,Free Pipe
F-11,2493.0,dataset/dlis_data/15_9-F-11 B_2.DLIS,Free Pipe
F-11,2494.0,dataset/dlis_data/15_9-F-11 B_2.DLIS,Free Pipe
F-11,2495.0,dataset/dlis_data/15_9-F-11 B_2.DLIS,Free Pipe
F-11,2496.0,dataset/dlis_data/15_9-F-11 B_2.DLIS,Free Pipe
F-11,2497.0,dataset/dlis_data/15_9-F-11 B_2.DLIS,Free Pipe
F-11,2498.0,dataset/dlis_data/15_9-F-11 B_2.DLIS,Free Pipe
F-11,2499.0,dataset/dlis_data/15_9-F-11 B_2.DLIS,Free Pipe
F-11,2500.0,dataset/dlis_data/15_9-F-11 B_2.DLIS,Free Pipe
F-11,2501.0,dataset/dlis_data/15_9-F-11 B_2.DLIS,Free Pipe
F-11,2502.0,dataset/dlis_data/15_9-F-11 B_2.DLIS,Free Pipe
F-11,2503.0,dataset/dlis_data/15_9-F-11 B_2.DLIS,Free Pipe
F-11,2504.0,dataset/dlis_data/15_9-F-11 B_2.DLIS,Free Pipe
F-11,2505.0,dataset/dlis_data/15_9-F-11 B_2.DLIS,Free Pipe
F-11,2506.0,dataset/dlis_data/15_9-F-11 B_2.DLIS,Free Pipe
F-11,2507.0,dataset/dlis_data/15_9-F-11 B_2.DLIS,Free Pipe
F-11,2508.0,dataset/dlis_data/15_9-F-11 B_2.DLIS,Free Pipe
F-11,2509.0,dataset/dlis_data/15_9-F-11 B_2.DLIS,Free Pipe
F-11,2510.0,dataset/dlis_data/15_9-F-11 B_2.DLIS,Free Pipe
F-11,2511.0,dataset/dlis_data/15_9-F-11 B_2.DLIS,Free Pipe
F-11,2512.0,dataset/dlis_data/15_9-F-11 B_2.DLIS,Free Pipe
F-11,2513.0,dataset/dlis_data/15_9-F-11 B_2.DLIS,Free Pipe
F-11,2514.0,dataset/dlis_data/15_9-F-11 B_2.DLIS,Free Pipe
F-11,2515.0,dataset/dlis_data/15_9-F-11 B_2.DLIS,Free Pipe
F-11,2516.0,dataset/dlis_data/15_9-F-11 B_2.DLIS,Free Pipe
F-11,2517.0,dataset/dlis_data/15_9-F-11 B_2.DLIS,Free Pipe
F-11,2518.0,dataset/dlis_data/15_9-F-11 B_2.DLIS,Free Pipe
F-11,2519.0,dataset/dlis_data/15_9-F-11 B_2.DLIS,Free Pipe
F-11,2520.0,dataset/dlis_data/15_9-F-11 B_2.DLIS,Free Pipe
F-11,2521.0,dataset/dlis_data/15_9-F-11 B_2.DLIS,Free Pipe
F-11,2522.0,dataset/dlis_data/15_9-F-11 B_2.DLIS,Free Pipe
F-11,2523.0,dataset/dlis_data/15_9-F-11 B_2.DLIS,Free Pipe
F-11,2524.0,dataset/dlis_data/15_9-F-11 B_2.DLIS,Free Pipe
F-11,2525.0,dataset/dlis_data/15_9-F-11 B_2.DLIS,Free Pipe
F-11,2526.0,dataset/dlis_data/15_9-F-11 B_2.DLIS,Free Pipe
F-11,2527.0,dataset/dlis_data/15_9-F-11 B_2.DLIS,Free Pipe
F-11,2528.0,dataset/dlis_data/15_9-F-11 B_2.DLIS,Free Pipe
F-11,2529.0,dataset/dlis_data/15_9-F-11 B_2.DLIS,Free Pipe
F-11,2530.0,dataset/dlis_data/15_9-F-11 B_2.DLIS,Free Pipe
F-11,2531.0,dataset/dlis_data/15_9-F-11 B_2.DLIS,Free Pipe
F-11,2532.0,dataset/dlis_data/15_9-F-11 B_2.DLIS,Free Pipe
F-11,2533.0,dataset/dlis_data/15_9-F-11 B_2.DLIS,Free Pipe
F-11,2534.0,dataset/dlis_data/15_9-F-11 B_2.DLIS,Free Pipe
F-11,2535.0,dataset/dlis_data/15_9-F-11 B_2.DLIS,Free Pipe
F-11,2536.0,dataset/dlis_data/15_9-F-11 B_2.DLIS,Free Pipe
F-11,2537.0,dataset/dlis_data/15_9-F-11 B_2.DLIS,Free Pipe
F-11,2538.0,dataset/dlis_data/15_9-F-11 B_2.DLIS,Free Pipe
F-11,2539.0,dataset/dlis_data/15_9-F-11 B_2.DLIS,Free Pipe
F-11,2540.0,dataset/dlis_data/15_9-F-11 B_2.DLIS,Free Pipe
F-11,2541.0,dataset/dlis_data/15_9-F-11 B_2.DLIS,Free Pipe
F-11,2542.0,dataset/dlis_data/15_9-F-11 B_2.DLIS,Free Pipe
F-11,2543.0,dataset/dlis_data/15_9-F-11 B_2.DLIS,Free Pipe
F-11,2544.0,dataset/dlis_data/15_9-F-11 B_2.DLIS,Free Pipe
F-11,2545.0,dataset/dlis_data/15_9-F-11 B_2.DLIS,Free Pipe
F-11,2546.0,dataset/dlis_data/15_9-F-11 B_2.DLIS,Free Pipe
F-11,2547.0,dataset/dlis_data/15_9-F-11 B_2.DLIS,Free Pipe
F-11,2548.0,dataset/dlis_data/15_9-F-11 B_2.DLIS,Free Pipe
F-11,2549.0,dataset/dlis_data/15_9-F-11 B_2.DLIS,Free Pipe
F-11,2550.0,dataset/dlis_data/15_9-F-11 B_2.DLIS,Free Pipe
F-11,2551.0,dataset/dlis_data/15_9-F-11 B_2.DLIS,Free Pipe
F-11,2552.0,dataset/dlis_data/15_9-F-11 B_2.DLIS,Free Pipe
F-11,2553.0,dataset/dlis_data/15_9-F-11 B_2.DLIS,Free Pipe
F-11,2554.0,dataset/dlis_data/15_9-F-11 B_2.DLIS,Free Pipe
F-11,2555.0,dataset/dlis_data/15_9-F-11 B_2.DLIS,Free Pipe
F-11,2556.0,dataset/dlis_data/15_9-F-11 B_2.DLIS,Free Pipe
F-11,2557.0,dataset/dlis_data/15_9-F-11 B_2.DLIS,Free Pipe
F-11,2558.0,dataset/dlis_data/15_9-F-11 B_2.DLIS,Free Pipe
F-11,2559.0,dataset/dlis_data/15_9-F-11 B_2.DLIS,Free Pipe
F-11,2560.0,dataset/dlis_data/15_9-F-11 B_2.DLIS,Free Pipe
F-11,2561.0,dataset/dlis_data/15_9-F-11 B_2.DLIS,Free Pipe
F-11,2562.0,dataset/dlis_data/15_9-F-11 B_2.DLIS,Free Pipe
F-11,2563.0,dataset/dlis_data/15_9-F-11 B_2.DLIS,Free Pipe
F-11,2564.0,dataset/dlis_data/15_9-F-11 B_2.DLIS,Free Pipe
F-11,2565.0,dataset/dlis_data/15_9-F-11 B_2.DLIS,Free Pipe
F-11,2566.0,dataset/dlis_data/15_9-F-11 B_2.DLIS,Free Pipe
F-11,2567.0,dataset/dlis_data/15_9-F-11 B_2.DLIS,Free Pipe
F-11,2568.0,dataset/dlis_data/15_9-F-11 B_2.DLIS,Free Pipe
F-11,2587.0,dataset/dlis_data/15_9-F-11 B_2.DLIS,Free Pipe
F-11,2588.0,dataset/dlis_data/15_9-F-11 B_2.DLIS,Free Pipe
F-11,2589.0,dataset/dlis_data/15_9-F-11 B_2.DLIS,Free Pipe
F-11,2590.0,dataset/dlis_data/15_9-F-11 B_2.DLIS,Free Pipe
F-11,2591.0,dataset/dlis_data/15_9-F-11 B_2.DLIS,Free Pipe
F-11,2592.0,dataset/dlis_data/15_9-F-11 B_2.DLIS,Free Pipe
F-11,2593.0,dataset/dlis_data/15_9-F-11 B_2.DLIS,Free Pipe
F-11,2594.0,dataset/dlis_data/15_9-F-11 B_2.DLIS,Free Pipe
F-11,2595.0,dataset/dlis_data/15_9-F-11 B_2.DLIS,Free Pipe
F-11,2596.0,dataset/dlis_data/15_9-F-11 B_2.DLIS,Free Pipe
F-11,2597.0,dataset/dlis_data/15_9-F-11 B_2.DLIS,Free Pipe
F-11,2598.0,dataset/dlis_data/15_9-F-11 B_2.DLIS,Free Pipe
F-11,2599.0,dataset/dlis_data/15_9-F-11 B_2.DLIS,Free Pipe
F-11,2600.0,dataset/dlis_data/15_9-F-11 B_2.DLIS,Free Pipe
F-11,2601.0,dataset/dlis_data/15_9-F-11 B_2.DLIS,Free Pipe
F-11,2602.0,dataset/dlis_data/15_9-F-11 B_2.DLIS,Free Pipe
F-11,2603.0,dataset/dlis_data/15_9-F-11 B_2.DLIS,Free Pipe
F-11,2604.0,dataset/dlis_data/15_9-F-11 B_2.DLIS,Free Pipe
F-11,2605.0,dataset/dlis_data/15_9-F-11 B_2.DLIS,Free Pipe
F-11,2606.0,dataset/dlis_data/15_9-F-11 B_2.DLIS,Free Pipe
F-11,2607.0,dataset/dlis_data/15_9-F-11 B_2.DLIS,Free Pipe
F-11,2608.0,dataset/dlis_data/15_9-F-11 B_2.DLIS,Free Pipe
F-11,2609.0,dataset/dlis_data/15_9-F-11 B_2.DLIS,Free Pipe
F-11,2610.0,dataset/dlis_data/15_9-F-11 B_2.DLIS,Free Pipe
F-11,2611.0,dataset/dlis_data/15_9-F-11 B_2.DLIS,Free Pipe
F-11,2612.0,dataset/dlis_data/15_9-F-11 B_2.DLIS,Free Pipe
F-11,2613.0,dataset/dlis_data/15_9-F-11 B_2.DLIS,Free Pipe
F-11,2614.0,dataset/dlis_data/15_9-F-11 B_2.DLIS,Free Pipe
F-11,2615.0,dataset/dlis_data/15_9-F-11 B_2.DLIS,Free Pipe
F-11,2616.0,dataset/dlis_data/15_9-F-11 B_2.DLIS,Free Pipe
F-11,2617.0,dataset/dlis_data/15_9-F-11 B_2.DLIS,Free Pipe
F-11,2618.0,dataset/dlis_data/15_9-F-11 B_2.DLIS,Free Pipe
F-11,2619.0,dataset/dlis_data/15_9-F-11 B_2.DLIS,Free Pipe
F-11,2620.0,dataset/dlis_data/15_9-F-11 B_2.DLIS,Free Pipe
F-11,2621.0,dataset/dlis_data/15_9-F-11 B_2.DLIS,Free Pipe
F-11,2622.0,dataset/dlis_data/15_9-F-11 B_2.DLIS,Free Pipe
F-11,2623.0,dataset/dlis_data/15_9-F-11 B_2.DLIS,Free Pipe
F-11,2624.0,dataset/dlis_data/15_9-F-11 B_2.DLIS,Free Pipe
F-11,2625.0,dataset/dlis_data/15_9-F-11 B_2.DLIS,Free Pipe
F-11,2626.0,dataset/dlis_data/15_9-F-11 B_2.DLIS,Free Pipe
F-11,2627.0,dataset/dlis_data/15_9-F-11 B_2.DLIS,Free Pipe
F-11,2628.0,dataset/dlis_data/15_9-F-11 B_2.DLIS,Free Pipe
F-11,2629.0,dataset/dlis_data/15_9-F-11 B_2.DLIS,Free Pipe
F-11,2630.0,dataset/dlis_data/15_9-F-11 B_2.DLIS,Free Pipe
F-11,2631.0,dataset/dlis_data/15_9-F-11 B_2.DLIS,Free Pipe
F-11,2632.0,dataset/dlis_data/15_9-F-11 B_2.DLIS,Free Pipe
F-11,2633.0,dataset/dlis_data/15_9-F-11 B_2.DLIS,Free Pipe
F-11,2634.0,dataset/dlis_data/15_9-F-11 B_2.DLIS,Free Pipe
F-11,2635.0,dataset/dlis_data/15_9-F-11 B_2.DLIS,Free Pipe
F-11,2636.0,dataset/dlis_data/15_9-F-11 B_2.DLIS,Free Pipe
F-11,2637.0,dataset/dlis_data/15_9-F-11 B_2.DLIS,Poor
F-11,2638.0,dataset/dlis_data/15_9-F-11 B_2.DLIS,Poor
F-11,2639.0,dataset/dlis_data/15_9-F-11 B_2.DLIS,Poor
F-11,2640.0,dataset/dlis_data/15_9-F-11 B_2.DLIS,Poor
F-11,2641.0,dataset/dlis_data/15_9-F-11 B_2.DLIS,Poor
F-11,2642.0,dataset/dlis_data/15_9-F-11 B_2.DLIS,Poor
F-11,2643.0,dataset/dlis_data/15_9-F-11 B_2.DLIS,Poor
F-11,2644.0,dataset/dlis_data/15_9-F-11 B_2.DLIS,Poor
F-11,2645.0,dataset/dlis_data/15_9-F-11 B_2.DLIS,Poor
F-11,2646.0,dataset/dlis_data/15_9-F-11 B_2.DLIS,Poor
F-11,2647.0,dataset/dlis_data/15_9-F-11 B_2.DLIS,Poor
F-11,2648.0,dataset/dlis_data/15_9-F-11 B_2.DLIS,Poor
F-11,2649.0,dataset/dlis_data/15_9-F-11 B_2.DLIS,Poor
F-11,2650.0,dataset/dlis_data/15_9-F-11 B_2.DLIS,Poor
F-11,2651.0,dataset/dlis_data/15_9-F-11 B_2.DLIS,Poor
F-11,2652.0,dataset/dlis_data/15_9-F-11 B_2.DLIS,Poor
F-11,2653.0,dataset/dlis_data/15_9-F-11 B_2.DLIS,Poor
F-11,2654.0,dataset/dlis_data/15_9-F-11 B_2.DLIS,Poor
F-11,2655.0,dataset/dlis_data/15_9-F-11 B_2.DLIS,Poor
F-11,2656.0,dataset/dlis_data/15_9-F-11 B_2.DLIS,Poor
F-11,2657.0,dataset/dlis_data/15_9-F-11 B_2.DLIS,Poor
F-11,2658.0,dataset/dlis_data/15_9-F-11 B_2.DLIS,Poor
F-11,2659.0,dataset/dlis_data/15_9-F-11 B_2.DLIS,Poor
F-11,2660.0,dataset/dlis_data/15_9-F-11 B_2.DLIS,Poor
F-11,2661.0,dataset/dlis_data/15_9-F-11 B_2.DLIS,Poor
F-11,2662.0,dataset/dlis_data/15_9-F-11 B_2.DLIS,Poor
F-11,2663.0,dataset/dlis_data/15_9-F-11 B_2.DLIS,Poor
F-11,2664.0,dataset/dlis_data/15_9-F-11 B_2.DLIS,Poor
F-11,2665.0,dataset/dlis_data/15_9-F-11 B_2.DLIS,Poor
F-11,2666.0,dataset/dlis_data/15_9-F-11 B_2.DLIS,Poor
F-11,2667.0,dataset/dlis_data/15_9-F-11 B_2.DLIS,Poor
F-11,2668.0,dataset/dlis_data/15_9-F-11 B_2.DLIS,Poor
F-11,2669.0,dataset/dlis_data/15_9-F-11 B_2.DLIS,Poor
F-11,2670.0,dataset/dlis_data/15_9-F-11 B_2.DLIS,Poor
F-11,2671.0,dataset/dlis_data/15_9-F-11 B_2.DLIS,Poor
F-11,2672.0,dataset/dlis_data/15_9-F-11 B_2.DLIS,Poor
F-11,2673.0,dataset/dlis_data/15_9-F-11 B_2.DLIS,Poor
F-11,2674.0,dataset/dlis_data/15_9-F-11 B_2.DLIS,Poor
F-11,2675.0,dataset/dlis_data/15_9-F-11 B_2.DLIS,Poor
F-11,2676.0,dataset/dlis_data/15_9-F-11 B_2.DLIS,Poor
F-11,2677.0,dataset/dlis_data/15_9-F-11 B_2.DLIS,Poor
F-11,2678.0,dataset/dlis_data/15_9-F-11 B_2.DLIS,Poor
F-11,2679.0,dataset/dlis_data/15_9-F-11 B_2.DLIS,Good to Moderate
F-11,2680.0,dataset/dlis_data/15_9-F-11 B_2.DLIS,Good to Moderate
F-11,2681.0,dataset/dlis_data/15_9-F-11 B_2.DLIS,Good to Moderate
F-11,2682.0,dataset/dlis_data/15_9-F-11 B_2.DLIS,Good to Moderate
F-11,2683.0,dataset/dlis_data/15_9-F-11 B_2.DLIS,Good to Moderate
F-11,2684.0,dataset/dlis_data/15_9-F-11 B_2.DLIS,Good to Moderate
F-11,2685.0,dataset/dlis_data/15_9-F-11 B_2.DLIS,Good to Moderate
F-11,2686.0,dataset/dlis_data/15_9-F-11 B_2.DLIS,Good to Moderate
F-11,2687.0,dataset/dlis_data/15_9-F-11 B_2.DLIS,Good to Moderate
F-11,2688.0,dataset/dlis_data/15_9-F-11 B_2.DLIS,Good to Moderate
F-11,2689.0,dataset/dlis_data/15_9-F-11 B_2.DLIS,Good to Moderate
F-11,2690.0,dataset/dlis_data/15_9-F-11 B_2.DLIS,Good to Moderate
F-11,2691.0,dataset/dlis_data/15_9-F-11 B_2.DLIS,Good to Moderate
F-11,2692.0,dataset/dlis_data/15_9-F-11 B_2.DLIS,Good to Moderate
F-11,2693.0,dataset/dlis_data/15_9-F-11 B_2.DLIS,Good to Moderate
F-11,2694.0,dataset/dlis_data/15_9-F-11 B_2.DLIS,Good to Moderate
F-11,2695.0,dataset/dlis_data/15_9-F-11 B_2.DLIS,Good to Moderate
F-11,2696.0,dataset/dlis_data/15_9-F-11 B_2.DLIS,Good to Moderate
F-11,2697.0,dataset/dlis_data/15_9-F-11 B_2.DLIS,Good to Moderate
F-11,2698.0,dataset/dlis_data/15_9-F-11 B_2.DLIS,Good to Moderate
F-11,2699.0,dataset/dlis_data/15_9-F-11 B_2.DLIS,Good to Moderate
F-11,2700.0,dataset/dlis_data/15_9-F-11 B_2.DLIS,Good to Moderate
F-11,2701.0,dataset/dlis_data/15_9-F-11 B_2.DLIS,Good to Moderate
F-11,2702.0,dataset/dlis_data/15_9-F-11 B_2.DLIS,Good to Moderate
F-11,2703.0,dataset/dlis_data/15_9-F-11 B_2.DLIS,Good to Moderate
F-11,2704.0,dataset/dlis_data/15_9-F-11 B_2.DLIS,Good to Moderate
F-11,2705.0,dataset/dlis_data/15_9-F-11 B_2.DLIS,Good to Moderate
F-11,2706.0,dataset/dlis_data/15_9-F-11 B_2.DLIS,Good to Moderate
F-11,2707.0,dataset/dlis_data/15_9-F-11 B_2.DLIS,Good to Moderate
F-11,2708.0,dataset/dlis_data/15_9-F-11 B_2.DLIS,Good to Moderate
F-11,2709.0,dataset/dlis_data/15_9-F-11 B_2.DLIS,Good to Moderate
F-11,2710.0,dataset/dlis_data/15_9-F-11 B_2.DLIS,Good to Moderate
F-11,2711.0,dataset/dlis_data/15_9-F-11 B_2.DLIS,Good to Moderate
F-11,2712.0,dataset/dlis_data/15_9-F-11 B_2.DLIS,Good to Moderate
F-11,2713.0,dataset/dlis_data/15_9-F-11 B_2.DLIS,Good to Moderate
F-11,2714.0,dataset/dlis_data/15_9-F-11 B_2.DLIS,Good to Moderate
F-11,2715.0,dataset/dlis_data/15_9-F-11 B_2.DLIS,Good to Moderate
F-11,2716.0,dataset/dlis_data/15_9-F-11 B_2.DLIS,Good to Moderate
F-11,2717.0,dataset/dlis_data/15_9-F-11 B_2.DLIS,Good to Moderate
F-11,2718.0,dataset/dlis_data/15_9-F-11 B_2.DLIS,Good to Moderate
F-11,2719.0,dataset/dlis_data/15_9-F-11 B_2.DLIS,Good to Moderate
F-11,2720.0,dataset/dlis_data/15_9-F-11 B_2.DLIS,Good to Moderate
F-11,2721.0,dataset/dlis_data/15_9-F-11 B_2.DLIS,Good to Moderate
F-11,2722.0,dataset/dlis_data/15_9-F-11 B_2.DLIS,Good to Moderate
F-11,2723.0,dataset/dlis_data/15_9-F-11 B_2.DLIS,Good to Moderate
F-11,2724.0,dataset/dlis_data/15_9-F-11 B_2.DLIS,Good to Moderate
F-11,2725.0,dataset/dlis_data/15_9-F-11 B_2.DLIS,Good to Moderate
F-11,2726.0,dataset/dlis_data/15_9-F-11 B_2.DLIS,Good to Moderate
F-11,2727.0,dataset/dlis_data/15_9-F-11 B_2.DLIS,Good to Moderate
F-11,2728.0,dataset/dlis_data/15_9-F-11 B_2.DLIS,Good to Moderate
F-11,2729.0,dataset/dlis_data/15_9-F-11 B_2.DLIS,Good to Moderate
F-11,2730.0,dataset/dlis_data/15_9-F-11 B_2.DLIS,Good to Moderate
F-11,2731.0,dataset/dlis_data/15_9-F-11 B_2.DLIS,Good to Moderate
F-11,2732.0,dataset/dlis_data/15_9-F-11 B_2.DLIS,Good to Moderate
F-11,2733.0,dataset/dlis_data/15_9-F-11 B_2.DLIS,Good to Moderate
F-11,2734.0,dataset/dlis_data/15_9-F-11 B_2.DLIS,Good to Moderate
F-11,2735.0,dataset/dlis_data/15_9-F-11 B_2.DLIS,Good to Moderate
F-11,2736.0,dataset/dlis_data/15_9-F-11 B_2.DLIS,Poor
F-11,2737.0,dataset/dlis_data/15_9-F-11 B_2.DLIS,Poor
F-11,2738.0,dataset/dlis_data/15_9-F-11 B_2.DLIS,Poor
F-11,2739.0,dataset/dlis_data/15_9-F-11 B_2.DLIS,Poor
F-11,2740.0,dataset/dlis_data/15_9-F-11 B_2.DLIS,Poor
F-11,2741.0,dataset/dlis_data/15_9-F-11 B_2.DLIS,Poor
F-11,2742.0,dataset/dlis_data/15_9-F-11 B_2.DLIS,Poor
F-11,2743.0,dataset/dlis_data/15_9-F-11 B_2.DLIS,Poor
F-11,2744.0,dataset/dlis_data/15_9-F-11 B_2.DLIS,Poor
F-11,2745.0,dataset/dlis_data/15_9-F-11 B_2.DLIS,Poor
F-11,2746.0,dataset/dlis_data/15_9-F-11 B_2.DLIS,Poor
F-11,2747.0,dataset/dlis_data/15_9-F-11 B_2.DLIS,Poor
F-11,2748.0,dataset/dlis_data/15_9-F-11 B_2.DLIS,Poor
F-11,2749.0,dataset/dlis_data/15_9-F-11 B_2.DLIS,Poor
F-11,2750.0,dataset/dlis_data/15_9-F-11 B_2.DLIS,Poor
F-11,2751.0,dataset/dlis_data/15_9-F-11 B_2.DLIS,Poor
F-11,2752.0,dataset/dlis_data/15_9-F-11 B_2.DLIS,Poor
F-11,2753.0,dataset/dlis_data/15_9-F-11 B_2.DLIS,Poor
F-11,2754.0,dataset/dlis_data/15_9-F-11 B_2.DLIS,Poor
F-11,2755.0,dataset/dlis_data/15_9-F-11 B_2.DLIS,Moderate
F-11,2756.0,dataset/dlis_data/15_9-F-11 B_2.DLIS,Moderate
F-11,2757.0,dataset/dlis_data/15_9-F-11 B_2.DLIS,Moderate
F-11,2758.0,dataset/dlis_data/15_9-F-11 B_2.DLIS,Moderate
F-11,2759.0,dataset/dlis_data/15_9-F-11 B_2.DLIS,Moderate
F-11,2760.0,dataset/dlis_data/15_9-F-11 B_2.DLIS,Moderate
F-11,2761.0,dataset/dlis_data/15_9-F-11 B_2.DLIS,Moderate
F-11,2762.0,dataset/dlis_data/15_9-F-11 B_2.DLIS,Moderate
F-11,2763.0,dataset/dlis_data/15_9-F-11 B_2.DLIS,Moderate
F-11,2764.0,dataset/dlis_data/15_9-F-11 B_2.DLIS,Moderate
F-11,2765.0,dataset/dlis_data/15_9-F-11 B_2.DLIS,Moderate
F-11,2766.0,dataset/dlis_data/15_9-F-11 B_2.DLIS,Moderate
F-11,2767.0,dataset/dlis_data/15_9-F-11 B_2.DLIS,Moderate
F-11,2768.0,dataset/dlis_data/15_9-F-11 B_2.DLIS,Moderate
F-11,2769.0,dataset/dlis_data/15_9-F-11 B_2.DLIS,Moderate
F-11,2770.0,dataset/dlis_data/15_9-F-11 B_2.DLIS,Moderate
F-11,2771.0,dataset/dlis_data/15_9-F-11 B_2.DLIS,Moderate
F-11,2772.0,dataset/dlis_data/15_9-F-11 B_2.DLIS,Moderate
F-11,2773.0,dataset/dlis_data/15_9-F-11 B_2.DLIS,Moderate
F-11,2774.0,dataset/dlis_data/15_9-F-11 B_2.DLIS,Moderate
F-11,2775.0,dataset/dlis_data/15_9-F-11 B_2.DLIS,Moderate
F-11,2776.0,dataset/dlis_data/15_9-F-11 B_2.DLIS,Moderate
F-11,2777.0,dataset/dlis_data/15_9-F-11 B_2.DLIS,Moderate
F-11,2778.0,dataset/dlis_data/15_9-F-11 B_2.DLIS,Moderate
F-11,2779.0,dataset/dlis_data/15_9-F-11 B_2.DLIS,Moderate
F-11,2780.0,dataset/dlis_data/15_9-F-11 B_2.DLIS,Moderate
F-11,2781.0,dataset/dlis_data/15_9-F-11 B_2.DLIS,Moderate
F-11,2782.0,dataset/dlis_data/15_9-F-11 B_2.DLIS,Moderate
F-11,2783.0,dataset/dlis_data/15_9-F-11 B_2.DLIS,Moderate
F-11,2784.0,dataset/dlis_data/15_9-F-11 B_2.DLIS,Moderate
F-11,2785.0,dataset/dlis_data/15_9-F-11 B_2.DLIS,Moderate
F-11,2786.0,dataset/dlis_data/15_9-F-11 B_2.DLIS,Moderate
F-11,2787.0,dataset/dlis_data/15_9-F-11 B_2.DLIS,Moderate
F-11,2788.0,dataset/dlis_data/15_9-F-11 B_2.DLIS,Moderate
F-11,2789.0,dataset/dlis_data/15_9-F-11 B_2.DLIS,Moderate
F-11,2790.0,dataset/dlis_data/15_9-F-11 B_2.DLIS,Moderate
F-11,2791.0,dataset/dlis_data/15_9-F-11 B_2.DLIS,Moderate
F-11,2792.0,dataset/dlis_data/15_9-F-11 B_2.DLIS,Moderate
F-11,2793.0,dataset/dlis_data/15_9-F-11 B_2.DLIS,Moderate
F-11,2794.0,dataset/dlis_data/15_9-F-11 B_2.DLIS,Moderate
F-11,2795.0,dataset/dlis_data/15_9-F-11 B_2.DLIS,Moderate
F-11,2796.0,dataset/dlis_data/15_9-F-11 B_2.DLIS,Moderate
F-11,2797.0,dataset/dlis_data/15_9-F-11 B_2.DLIS,Moderate
F-11,2798.0,dataset/dlis_data/15_9-F-11 B_2.DLIS,Moderate
F-11,2799.0,dataset/dlis_data/15_9-F-11 B_2.DLIS,Moderate
F-11,2800.0,dataset/dlis_data/15_9-F-11 B_2.DLIS,Moderate
F-11,2801.0,dataset/dlis_data/15_9-F-11 B_2.DLIS,Moderate
F-11,2802.0,dataset/dlis_data/15_9-F-11 B_2.DLIS,Moderate
F-11,2803.0,dataset/dlis_data/15_9-F-11 B_2.DLIS,Moderate
F-11,2804.0,dataset/dlis_data/15_9-F-11 B_2.DLIS,Moderate
F-11,2805.0,dataset/dlis_data/15_9-F-11 B_2.DLIS,Moderate
F-11,2806.0,dataset/dlis_data/15_9-F-11 B_2.DLIS,Moderate
F-11,2807.0,dataset/dlis_data/15_9-F-11 B_2.DLIS,Moderate
F-11,2808.0,dataset/dlis_data/15_9-F-11 B_2.DLIS,Moderate
F-11,2809.0,dataset/dlis_data/15_9-F-11 B_2.DLIS,Moderate
F-11,2810.0,dataset/dlis_data/15_9-F-11 B_2.DLIS,Moderate
F-11,2811.0,dataset/dlis_data/15_9-F-11 B_2.DLIS,Moderate
F-11,2812.0,dataset/dlis_data/15_9-F-11 B_2.DLIS,Moderate
F-11,2813.0,dataset/dlis_data/15_9-F-11 B_2.DLIS,Moderate
F-11,2814.0,dataset/dlis_data/15_9-F-11 B_2.DLIS,Moderate
F-11,2815.0,dataset/dlis_data/15_9-F-11 B_2.DLIS,Moderate
F-11,2816.0,dataset/dlis_data/15_9-F-11 B_2.DLIS,Moderate
F-11,2817.0,dataset/dlis_data/15_9-F-11 B_2.DLIS,Moderate
F-11,2818.0,dataset/dlis_data/15_9-F-11 B_2.DLIS,Moderate
F-11,2819.0,dataset/dlis_data/15_9-F-11 B_2.DLIS,Moderate
F-11,2820.0,dataset/dlis_data/15_9-F-11 B_2.DLIS,Moderate
F-11,2821.0,dataset/dlis_data/15_9-F-11 B_2.DLIS,Moderate
F-11,2822.0,dataset/dlis_data/15_9-F-11 B_2.DLIS,Moderate
F-11,2823.0,dataset/dlis_data/15_9-F-11 B_2.DLIS,Moderate
F-11,2824.0,dataset/dlis_data/15_9-F-11 B_2.DLIS,Moderate
F-11,2825.0,dataset/dlis_data/15_9-F-11 B_2.DLIS,Moderate
F-11,2826.0,dataset/dlis_data/15_9-F-11 B_2.DLIS,Moderate
F-11,2827.0,dataset/dlis_data/15_9-F-11 B_2.DLIS,Moderate
F-11,2828.0,dataset/dlis_data/15_9-F-11 B_2.DLIS,Moderate
F-11,2829.0,dataset/dlis_data/15_9-F-11 B_2.DLIS,Moderate
F-11,2830.0,dataset/dlis_data/15_9-F-11 B_2.DLIS,Moderate
F-11,2831.0,dataset/dlis_data/15_9-F-11 B_2.DLIS,Moderate
F-11,2832.0,dataset/dlis_data/15_9-F-11 B_2.DLIS,Moderate
F-11,2833.0,dataset/dlis_data/15_9-F-11 B_2.DLIS,Moderate
F-11,2834.0,dataset/dlis_data/15_9-F-11 B_2.DLIS,Moderate
F-11,2835.0,dataset/dlis_data/15_9-F-11 B_2.DLIS,Moderate
F-11,2836.0,dataset/dlis_data/15_9-F-11 B_2.DLIS,Moderate
F-11,2837.0,dataset/dlis_data/15_9-F-11 B_2.DLIS,Moderate
F-11,2838.0,dataset/dlis_data/15_9-F-11 B_2.DLIS,Moderate
F-11,2839.0,dataset/dlis_data/15_9-F-11 B_2.DLIS,Moderate
F-11,2840.0,dataset/dlis_data/15_9-F-11 B_2.DLIS,Moderate
F-11,2841.0,dataset/dlis_data/15_9-F-11 B_2.DLIS,Moderate
F-11,2842.0,dataset/dlis_data/15_9-F-11 B_2.DLIS,Moderate
F-11,2843.0,dataset/dlis_data/15_9-F-11 B_2.DLIS,Moderate
F-11,2844.0,dataset/dlis_data/15_9-F-11 B_2.DLIS,Moderate
F-11,2845.0,dataset/dlis_data/15_9-F-11 B_2.DLIS,Good
F-11,2846.0,dataset/dlis_data/15_9-F-11 B_2.DLIS,Good
F-11,2847.0,dataset/dlis_data/15_9-F-11 B_2.DLIS,Good
F-11,2848.0,dataset/dlis_data/15_9-F-11 B_2.DLIS,Moderate
F-11,2849.0,dataset/dlis_data/15_9-F-11 B_2.DLIS,Moderate
F-11,2850.0,dataset/dlis_data/15_9-F-11 B_2.DLIS,Moderate
F-11,2851.0,dataset/dlis_data/15_9-F-11 B_2.DLIS,Good
F-11,2852.0,dataset/dlis_data/15_9-F-11 B_2.DLIS,Good
F-11,2853.0,dataset/dlis_data/15_9-F-11 B_2.DLIS,Good
F-11,2854.0,dataset/dlis_data/15_9-F-11 B_2.DLIS,Good
F-11,2855.0,dataset/dlis_data/15_9-F-11 B_2.DLIS,Moderate
F-11,2856.0,dataset/dlis_data/15_9-F-11 B_2.DLIS,Moderate
F-11,2857.0,dataset/dlis_data/15_9-F-11 B_2.DLIS,Moderate
F-11,2858.0,dataset/dlis_data/15_9-F-11 B_2.DLIS,Moderate
F-11,2859.0,dataset/dlis_data/15_9-F-11 B_2.DLIS,Moderate
F-11,2860.0,dataset/dlis_data/15_9-F-11 B_2.DLIS,Moderate
F-11,2861.0,dataset/dlis_data/15_9-F-11 B_2.DLIS,Moderate
F-11,2862.0,dataset/dlis_data/15_9-F-11 B_2.DLIS,Moderate
F-11,2863.0,dataset/dlis_data/15_9-F-11 B_2.DLIS,Moderate
F-11,2864.0,dataset/dlis_data/15_9-F-11 B_2.DLIS,Moderate
F-11,2865.0,dataset/dlis_data/15_9-F-11 B_2.DLIS,Moderate
F-11,2866.0,dataset/dlis_data/15_9-F-11 B_2.DLIS,Moderate
F-11,2867.0,dataset/dlis_data/15_9-F-11 B_2.DLIS,Moderate
F-11,2868.0,dataset/dlis_data/15_9-F-11 B_2.DLIS,Moderate
F-11,2869.0,dataset/dlis_data/15_9-F-11 B_2.DLIS,Moderate
F-11,2870.0,dataset/dlis_data/15_9-F-11 B_2.DLIS,Moderate
F-11,2871.0,dataset/dlis_data/15_9-F-11 B_2.DLIS,Moderate
F-11,2872.0,dataset/dlis_data/15_9-F-11 B_2.DLIS,Moderate
F-11,2873.0,dataset/dlis_data/15_9-F-11 B_2.DLIS,Moderate
F-11,2874.0,dataset/dlis_data/15_9-F-11 B_2.DLIS,Moderate
F-11,2875.0,dataset/dlis_data/15_9-F-11 B_2.DLIS,Moderate
F-11,2876.0,dataset/dlis_data/15_9-F-11 B_2.DLIS,Moderate
F-11,2877.0,dataset/dlis_data/15_9-F-11 B_2.DLIS,Moderate
F-11,2878.0,dataset/dlis_data/15_9-F-11 B_2.DLIS,Moderate
F-11,2879.0,dataset/dlis_data/15_9-F-11 B_2.DLIS,Moderate
F-11,2880.0,dataset/dlis_data/15_9-F-11 B_2.DLIS,Moderate
F-11,2881.0,dataset/dlis_data/15_9-F-11 B_2.DLIS,Moderate
F-11,2882.0,dataset/dlis_data/15_9-F-11 B_2.DLIS,Moderate
F-11,2883.0,dataset/dlis_data/15_9-F-11 B_2.DLIS,Moderate
F-11,2884.0,dataset/dlis_data/15_9-F-11 B_2.DLIS,Moderate
F-11,2885.0,dataset/dlis_data/15_9-F-11 B_2.DLIS,Moderate
F-11,2886.0,dataset/dlis_data/15_9-F-11 B_2.DLIS,Moderate
F-11,2887.0,dataset/dlis_data/15_9-F-11 B_2.DLIS,Moderate
F-11,2888.0,dataset/dlis_data/15_9-F-11 B_2.DLIS,Moderate
F-11,2889.0,dataset/dlis_data/15_9-F-11 B_2.DLIS,Moderate
F-11,2890.0,dataset/dlis_data/15_9-F-11 B_2.DLIS,Moderate
F-11,2891.0,dataset/dlis_data/15_9-F-11 B_2.DLIS,Moderate
F-11,2892.0,dataset/dlis_data/15_9-F-11 B_2.DLIS,Moderate
F-11,2893.0,dataset/dlis_data/15_9-F-11 B_2.DLIS,Moderate
F-11,2894.0,dataset/dlis_data/15_9-F-11 B_2.DLIS,Moderate
F-11,2895.0,dataset/dlis_data/15_9-F-11 B_2.DLIS,Moderate
F-11,2896.0,dataset/dlis_data/15_9-F-11 B_2.DLIS,Moderate
F-11,2897.0,dataset/dlis_data/15_9-F-11 B_2.DLIS,Moderate
F-11,2898.0,dataset/dlis_data/15_9-F-11 B_2.DLIS,Moderate
F-11,2899.0,dataset/dlis_data/15_9-F-11 B_2.DLIS,Moderate
F-11,2900.0,dataset/dlis_data/15_9-F-11 B_2.DLIS,Moderate
F-11,2901.0,dataset/dlis_data/15_9-F-11 B_2.DLIS,Moderate
F-11,2902.0,dataset/dlis_data/15_9-F-11 B_2.DLIS,Moderate
F-11,2903.0,dataset/dlis_data/15_9-F-11 B_2.DLIS,Moderate
F-11,2904.0,dataset/dlis_data/15_9-F-11 B_2.DLIS,Moderate
F-11,2905.0,dataset/dlis_data/15_9-F-11 B_2.DLIS,Moderate
F-11,2906.0,dataset/dlis_data/15_9-F-11 B_2.DLIS,Moderate
F-11,2907.0,dataset/dlis_data/15_9-F-11 B_2.DLIS,Moderate
F-11,2908.0,dataset/dlis_data/15_9-F-11 B_2.DLIS,Moderate
F-11,2909.0,dataset/dlis_data/15_9-F-11 B_2.DLIS,Moderate
F-11,2910.0,dataset/dlis_data/15_9-F-11 B_2.DLIS,Good
F-11,2911.0,dataset/dlis_data/15_9-F-11 B_2.DLIS,Good
F-11,2912.0,dataset/dlis_data/15_9-F-11 B_2.DLIS,Good
F-11,2913.0,dataset/dlis_data/15_9-F-11 B_2.DLIS,Good
F-11,2914.0,dataset/dlis_data/15_9-F-11 B_2.DLIS,Good
F-11,2915.0,dataset/dlis_data/15_9-F-11 B_2.DLIS,Good
F-11,2916.0,dataset/dlis_data/15_9-F-11 B_2.DLIS,Good
F-11,2917.0,dataset/dlis_data/15_9-F-11 B_2.DLIS,Good
F-11,2918.0,dataset/dlis_data/15_9-F-11 B_2.DLIS,Good
F-11,2919.0,dataset/dlis_data/15_9-F-11 B_2.DLIS,Good
F-11,2920.0,dataset/dlis_data/15_9-F-11 B_2.DLIS,Good
F-11,2921.0,dataset/dlis_data/15_9-F-11 B_2.DLIS,Good
F-11,2922.0,dataset/dlis_data/15_9-F-11 B_2.DLIS,Good
F-11,2923.0,dataset/dlis_data/15_9-F-11 B_2.DLIS,Good
F-11,2924.0,dataset/dlis_data/15_9-F-11 B_2.DLIS,Good
F-11,2925.0,dataset/dlis_data/15_9-F-11 B_2.DLIS,Good
F-11,2926.0,dataset/dlis_data/15_9-F-11 B_2.DLIS,Good
F-11,2927.0,dataset/dlis_data/15_9-F-11 B_2.DLIS,Good
F-11,2928.0,dataset/dlis_data/15_9-F-11 B_2.DLIS,Good
F-11,2929.0,dataset/dlis_data/15_9-F-11 B_2.DLIS,Good
F-11,2930.0,dataset/dlis_data/15_9-F-11 B_2.DLIS,Good
F-11,2931.0,dataset/dlis_data/15_9-F-11 B_2.DLIS,Good
F-11,2932.0,dataset/dlis_data/15_9-F-11 B_2.DLIS,Good
F-11,2933.0,dataset/dlis_data/15_9-F-11 B_2.DLIS,Good
F-11,2934.0,dataset/dlis_data/15_9-F-11 B_2.DLIS,Good
F-11,2935.0,dataset/dlis_data/15_9-F-11 B_2.DLIS,Good
F-11,2936.0,dataset/dlis_data/15_9-F-11 B_2.DLIS,Good
F-11,2937.0,dataset/dlis_data/15_9-F-11 B_2.DLIS,Poor
F-11,2938.0,dataset/dlis_data/15_9-F-11 B_2.DLIS,Poor
F-11,2939.0,dataset/dlis_data/15_9-F-11 B_2.DLIS,Poor
F-11,2940.0,dataset/dlis_data/15_9-F-11 B_2.DLIS,Poor
F-11,2941.0,dataset/dlis_data/15_9-F-11 B_2.DLIS,Poor
F-11,2942.0,dataset/dlis_data/15_9-F-11 B_2.DLIS,Poor
F-11,2943.0,dataset/dlis_data/15_9-F-11 B_2.DLIS,Poor
F-11,2944.0,dataset/dlis_data/15_9-F-11 B_2.DLIS,Good
F-11,2945.0,dataset/dlis_data/15_9-F-11 B_2.DLIS,Good
F-11,2946.0,dataset/dlis_data/15_9-F-11 B_2.DLIS,Good
F-11,2947.0,dataset/dlis_data/15_9-F-11 B_2.DLIS,Good
F-11,2948.0,dataset/dlis_data/15_9-F-11 B_2.DLIS,Good
F-11,2949.0,dataset/dlis_data/15_9-F-11 B_2.DLIS,Good
F-11,2950.0,dataset/dlis_data/15_9-F-11 B_2.DLIS,Moderate
F-11,2951.0,dataset/dlis_data/15_9-F-11 B_2.DLIS,Moderate
F-11,2952.0,dataset/dlis_data/15_9-F-11 B_2.DLIS,Moderate
F-11,2953.0,dataset/dlis_data/15_9-F-11 B_2.DLIS,Moderate
F-11,2954.0,dataset/dlis_data/15_9-F-11 B_2.DLIS,Moderate
F-11,2955.0,dataset/dlis_data/15_9-F-11 B_2.DLIS,Moderate
F-11,2956.0,dataset/dlis_data/15_9-F-11 B_2.DLIS,Good
F-11,2957.0,dataset/dlis_data/15_9-F-11 B_2.DLIS,Good
F-11,2958.0,dataset/dlis_data/15_9-F-11 B_2.DLIS,Good
F-11,2959.0,dataset/dlis_data/15_9-F-11 B_2.DLIS,Good
F-11,2960.0,dataset/dlis_data/15_9-F-11 B_2.DLIS,Good
F-11,2961.0,dataset/dlis_data/15_9-F-11 B_2.DLIS,Good
F-11,2962.0,dataset/dlis_data/15_9-F-11 B_2.DLIS,Good
F-11,2963.0,dataset/dlis_data/15_9-F-11 B_2.DLIS,Good
F-11,2964.0,dataset/dlis_data/15_9-F-11 B_2.DLIS,Good
F-11,2965.0,dataset/dlis_data/15_9-F-11 B_2.DLIS,Good
F-11,2966.0,dataset/dlis_data/15_9-F-11 B_2.DLIS,Good
F-11,2967.0,dataset/dlis_data/15_9-F-11 B_2.DLIS,Good
F-11,2968.0,dataset/dlis_data/15_9-F-11 B_2.DLIS,Good
F-11,2969.0,dataset/dlis_data/15_9-F-11 B_2.DLIS,Good
F-11,2970.0,dataset/dlis_data/15_9-F-11 B_2.DLIS,Good
F-11,2971.0,dataset/dlis_data/15_9-F-11 B_2.DLIS,Good
F-11,2972.0,dataset/dlis_data/15_9-F-11 B_2.DLIS,Good
F-11,2973.0,dataset/dlis_data/15_9-F-11 B_2.DLIS,Good
F-11,2974.0,dataset/dlis_data/15_9-F-11 B_2.DLIS,Good
F-11,2975.0,dataset/dlis_data/15_9-F-11 B_2.DLIS,Good
F-11,2976.0,dataset/dlis_data/15_9-F-11 B_2.DLIS,Good
F-11,2977.0,dataset/dlis_data/15_9-F-11 B_2.DLIS,Good
F-11,2978.0,dataset/dlis_data/15_9-F-11 B_2.DLIS,Good
F-11,2979.0,dataset/dlis_data/15_9-F-11 B_2.DLIS,Good
F-11,2980.0,dataset/dlis_data/15_9-F-11 B_2.DLIS,Good
F-11,2981.0,dataset/dlis_data/15_9-F-11 B_2.DLIS,Good
F-11,2982.0,dataset/dlis_data/15_9-F-11 B_2.DLIS,Good
F-11,2983.0,dataset/dlis_data/15_9-F-11 B_2.DLIS,Good
F-11,2984.0,dataset/dlis_data/15_9-F-11 B_2.DLIS,Good
F-11,2985.0,dataset/dlis_data/15_9-F-11 B_2.DLIS,Good
F-11,2986.0,dataset/dlis_data/15_9-F-11 B_2.DLIS,Good
F-11,2987.0,dataset/dlis_data/15_9-F-11 B_2.DLIS,Good
F-11,2988.0,dataset/dlis_data/15_9-F-11 B_2.DLIS,Good
F-11,2989.0,dataset/dlis_data/15_9-F-11 B_2.DLIS,Good
F-11,2990.0,dataset/dlis_data/15_9-F-11 B_2.DLIS,Good
F-11,2991.0,dataset/dlis_data/15_9-F-11 B_2.DLIS,Good
F-11,2992.0,dataset/dlis_data/15_9-F-11 B_2.DLIS,Good
F-11,2993.0,dataset/dlis_data/15_9-F-11 B_2.DLIS,Good
F-11,2994.0,dataset/dlis_data/15_9-F-11 B_2.DLIS,Good
F-11,2995.0,dataset/dlis_data/15_9-F-11 B_2.DLIS,Good
F-11,2996.0,dataset/dlis_data/15_9-F-11 B_2.DLIS,Good
F-11,2997.0,dataset/dlis_data/15_9-F-11 B_2.DLIS,Good
F-11,2998.0,dataset/dlis_data/15_9-F-11 B_2.DLIS,Good
F-11,2999.0,dataset/dlis_data/15_9-F-11 B_2.DLIS,Good
F-11,3000.0,dataset/dlis_data/15_9-F-11 B_2.DLIS,Good
F-11,3001.0,dataset/dlis_data/15_9-F-11 B_2.DLIS,Good
F-11,3002.0,dataset/dlis_data/15_9-F-11 B_2.DLIS,Good
F-11,3003.0,dataset/dlis_data/15_9-F-11 B_2.DLIS,Moderate
F-11,3004.0,dataset/dlis_data/15_9-F-11 B_2.DLIS,Moderate
F-11,3005.0,dataset/dlis_data/15_9-F-11 B_2.DLIS,Moderate
F-11,3006.0,dataset/dlis_data/15_9-F-11 B_2.DLIS,Moderate
F-11,3007.0,dataset/dlis_data/15_9-F-11 B_2.DLIS,Good
F-11,3008.0,dataset/dlis_data/15_9-F-11 B_2.DLIS,Good
F-11,3009.0,dataset/dlis_data/15_9-F-11 B_2.DLIS,Moderate
F-11,3010.0,dataset/dlis_data/15_9-F-11 B_2.DLIS,Moderate
F-11,3011.0,dataset/dlis_data/15_9-F-11 B_2.DLIS,Moderate
F-11,3012.0,dataset/dlis_data/15_9-F-11 B_2.DLIS,Moderate
F-11,3013.0,dataset/dlis_data/15_9-F-11 B_2.DLIS,Good
F-11,3014.0,dataset/dlis_data/15_9-F-11 B_2.DLIS,Good
F-11,3015.0,dataset/dlis_data/15_9-F-11 B_2.DLIS,Good
F-11,3016.0,dataset/dlis_data/15_9-F-11 B_2.DLIS,Moderate
F-11,3017.0,dataset/dlis_data/15_9-F-11 B_2.DLIS,Moderate
F-11,3018.0,dataset/dlis_data/15_9-F-11 B_2.DLIS,Moderate
F-11,3019.0,dataset/dlis_data/15_9-F-11 B_2.DLIS,Moderate
F-11,3020.0,dataset/dlis_data/15_9-F-11 B_2.DLIS,Good
F-11,3021.0,dataset/dlis_data/15_9-F-11 B_2.DLIS,Good
F-11,3022.0,dataset/dlis_data/15_9-F-11 B_2.DLIS,Good
F-11,3023.0,dataset/dlis_data/15_9-F-11 B_2.DLIS,Good
F-11,3024.0,dataset/dlis_data/15_9-F-11 B_2.DLIS,Good
F-11,3025.0,dataset/dlis_data/15_9-F-11 B_2.DLIS,Good
F-11,3026.0,dataset/dlis_data/15_9-F-11 B_2.DLIS,Good
F-11,3027.0,dataset/dlis_data/15_9-F-11 B_2.DLIS,Good
F-11,3028.0,dataset/dlis_data/15_9-F-11 B_2.DLIS,Good
F-11,3029.0,dataset/dlis_data/15_9-F-11 B_2.DLIS,Good
F-11,3030.0,dataset/dlis_data/15_9-F-11 B_2.DLIS,Good
F-11,3031.0,dataset/dlis_data/15_9-F-11 B_2.DLIS,Good
F-11,3032.0,dataset/dlis_data/15_9-F-11 B_2.DLIS,Good
F-11,3033.0,dataset/dlis_data/15_9-F-11 B_2.DLIS,Good
F-11,3034.0,dataset/dlis_data/15_9-F-11 B_2.DLIS,Good
F-11,3035.0,dataset/dlis_data/15_9-F-11 B_2.DLIS,Good
F-11,3036.0,dataset/dlis_data/15_9-F-11 B_2.DLIS,Good
F-11,3037.0,dataset/dlis_data/15_9-F-11 B_2.DLIS,Good
F-11,3038.0,dataset/dlis_data/15_9-F-11 B_2.DLIS,Good
F-11,3039.0,dataset/dlis_data/15_9-F-11 B_2.DLIS,Good
F-11,3040.0,dataset/dlis_data/15_9-F-11 B_2.DLIS,Moderate
F-11,3041.0,dataset/dlis_data/15_9-F-11 B_2.DLIS,Moderate
F-11,3042.0,dataset/dlis_data/15_9-F-11 B_2.DLIS,Moderate
F-11,3043.0,dataset/dlis_data/15_9-F-11 B_2.DLIS,Moderate
F-11,3044.0,dataset/dlis_data/15_9-F-11 B_2.DLIS,Moderate
F-11,3045.0,dataset/dlis_data/15_9-F-11 B_2.DLIS,Good
F-11,3046.0,dataset/dlis_data/15_9-F-11 B_2.DLIS,Good
F-11,3047.0,dataset/dlis_data/15_9-F-11 B_2.DLIS,Good
F-11,3048.0,dataset/dlis_data/15_9-F-11 B_2.DLIS,Good
F-11,3049.0,dataset/dlis_data/15_9-F-11 B_2.DLIS,Good
F-11,3050.0,dataset/dlis_data/15_9-F-11 B_2.DLIS,Good
F-11,3051.0,dataset/dlis_data/15_9-F-11 B_2.DLIS,Good
F-11,3052.0,dataset/dlis_data/15_9-F-11 B_2.DLIS,Good
F-11,3053.0,dataset/dlis_data/15_9-F-11 B_2.DLIS,Good
F-11,3054.0,dataset/dlis_data/15_9-F-11 B_2.DLIS,Good
F-11,3055.0,dataset/dlis_data/15_9-F-11 B_2.DLIS,Good
F-11,3056.0,dataset/dlis_data/15_9-F-11 B_2.DLIS,Good
F-11,3057.0,dataset/dlis_data/15_9-F-11 B_2.DLIS,Good
F-11,3058.0,dataset/dlis_data/15_9-F-11 B_2.DLIS,Good
F-11,3059.0,dataset/dlis_data/15_9-F-11 B_2.DLIS,Good
F-11,3060.0,dataset/dlis_data/15_9-F-11 B_2.DLIS,Good
F-11,3061.0,dataset/dlis_data/15_9-F-11 B_2.DLIS,Good
F-11,3062.0,dataset/dlis_data/15_9-F-11 B_2.DLIS,Good
F-11,3063.0,dataset/dlis_data/15_9-F-11 B_2.DLIS,Good
F-11,3064.0,dataset/dlis_data/15_9-F-11 B_2.DLIS,Good
F-11,3065.0,dataset/dlis_data/15_9-F-11 B_2.DLIS,Good
F-11,3066.0,dataset/dlis_data/15_9-F-11 B_2.DLIS,Good
F-11,3067.0,dataset/dlis_data/15_9-F-11 B_2.DLIS,Good
F-11,3068.0,dataset/dlis_data/15_9-F-11 B_2.DLIS,Good
F-11,3069.0,dataset/dlis_data/15_9-F-11 B_2.DLIS,Good
F-11,3070.0,dataset/dlis_data/15_9-F-11 B_2.DLIS,Good
F-11,3071.0,dataset/dlis_data/15_9-F-11 B_2.DLIS,Good
F-11,3072.0,dataset/dlis_data/15_9-F-11 B_2.DLIS,Good
F-11,3073.0,dataset/dlis_data/15_9-F-11 B_2.DLIS,Good
F-11,3074.0,dataset/dlis_data/15_9-F-11 B_2.DLIS,Good
F-11,3075.0,dataset/dlis_data/15_9-F-11 B_2.DLIS,Good
F-11,3076.0,dataset/dlis_data/15_9-F-11 B_2.DLIS,Good
F-11,3077.0,dataset/dlis_data/15_9-F-11 B_2.DLIS,Good
F-11,3078.0,dataset/dlis_data/15_9-F-11 B_2.DLIS,Good
F-11,3079.0,dataset/dlis_data/15_9-F-11 B_2.DLIS,Good
F-11,3080.0,dataset/dlis_data/15_9-F-11 B_2.DLIS,Good
F-11,3081.0,dataset/dlis_data/15_9-F-11 B_2.DLIS,Good
F-11,3082.0,dataset/dlis_data/15_9-F-11 B_2.DLIS,Good
F-11,3083.0,dataset/dlis_data/15_9-F-11 B_2.DLIS,Good
F-11,3084.0,dataset/dlis_data/15_9-F-11 B_2.DLIS,Good
F-11,3085.0,dataset/dlis_data/15_9-F-11 B_2.DLIS,Good
F-11,3086.0,dataset/dlis_data/15_9-F-11 B_2.DLIS,Good
F-11,3087.0,dataset/dlis_data/15_9-F-11 B_2.DLIS,Good
F-11,3088.0,dataset/dlis_data/15_9-F-11 B_2.DLIS,Good
F-11,3089.0,dataset/dlis_data/15_9-F-11 B_2.DLIS,Good
F-11,3090.0,dataset/dlis_data/15_9-F-11 B_2.DLIS,Good
F-11,3091.0,dataset/dlis_data/15_9-F-11 B_2.DLIS,Good
F-11,3092.0,dataset/dlis_data/15_9-F-11 B_2.DLIS,Good
F-11,3093.0,dataset/dlis_data/15_9-F-11 B_2.DLIS,Good
F-11,3094.0,dataset/dlis_data/15_9-F-11 B_2.DLIS,Good
F-11,3095.0,dataset/dlis_data/15_9-F-11 B_2.DLIS,Good
F-11,3096.0,dataset/dlis_data/15_9-F-11 B_2.DLIS,Good
F-11,3097.0,dataset/dlis_data/15_9-F-11 B_2.DLIS,Good
F-11,3098.0,dataset/dlis_data/15_9-F-11 B_2.DLIS,Good
F-11,3099.0,dataset/dlis_data/15_9-F-11 B_2.DLIS,Good
F-11,3100.0,dataset/dlis_data/15_9-F-11 B_2.DLIS,Good
F-11,3101.0,dataset/dlis_data/15_9-F-11 B_2.DLIS,Good
F-11,3102.0,dataset/dlis_data/15_9-F-11 B_2.DLIS,Good
F-11,3103.0,dataset/dlis_data/15_9-F-11 B_2.DLIS,Good
F-11,3104.0,dataset/dlis_data/15_9-F-11 B_2.DLIS,Good
F-11,3105.0,dataset/dlis_data/15_9-F-11 B_2.DLIS,Good
F-11,3106.0,dataset/dlis_data/15_9-F-11 B_2.DLIS,Good
F-11,3107.0,dataset/dlis_data/15_9-F-11 B_2.DLIS,Good
F-11,3108.0,dataset/dlis_data/15_9-F-11 B_2.DLIS,Good
F-11,3109.0,dataset/dlis_data/15_9-F-11 B_2.DLIS,Good
F-11,3110.0,dataset/dlis_data/15_9-F-11 B_2.DLIS,Good
F-11,3111.0,dataset/dlis_data/15_9-F-11 B_2.DLIS,Good
F-11,3112.0,dataset/dlis_data/15_9-F-11 B_2.DLIS,Good
F-11,3113.0,dataset/dlis_data/15_9-F-11 B_2.DLIS,Good
F-11,3114.0,dataset/dlis_data/15_9-F-11 B_2.DLIS,Good
F-11,3115.0,dataset/dlis_data/15_9-F-11 B_2.DLIS,Good
F-11,3116.0,dataset/dlis_data/15_9-F-11 B_2.DLIS,Good
F-11,3117.0,dataset/dlis_data/15_9-F-11 B_2.DLIS,Good
F-11,3118.0,dataset/dlis_data/15_9-F-11 B_2.DLIS,Good
F-11,3119.0,dataset/dlis_data/15_9-F-11 B_2.DLIS,Good
F-11,3120.0,dataset/dlis_data/15_9-F-11 B_2.DLIS,Good
F-11,3121.0,dataset/dlis_data/15_9-F-11 B_2.DLIS,Good
F-11,3122.0,dataset/dlis_data/15_9-F-11 B_2.DLIS,Good
F-11,3123.0,dataset/dlis_data/15_9-F-11 B_2.DLIS,Good
F-11,3124.0,dataset/dlis_data/15_9-F-11 B_2.DLIS,Good
F-11,3125.0,dataset/dlis_data/15_9-F-11 B_2.DLIS,Good
F-11,3126.0,dataset/dlis_data/15_9-F-11 B_2.DLIS,Good
F-11,3127.0,dataset/dlis_data/15_9-F-11 B_2.DLIS,Moderate
F-11,3128.0,dataset/dlis_data/15_9-F-11 B_2.DLIS,Moderate
F-11,3129.0,dataset/dlis_data/15_9-F-11 B_2.DLIS,Moderate
F-11,3130.0,dataset/dlis_data/15_9-F-11 B_2.DLIS,Moderate
F-11,3131.0,dataset/dlis_data/15_9-F-11 B_2.DLIS,Good
F-11,3132.0,dataset/dlis_data/15_9-F-11 B_2.DLIS,Good
F-11,3133.0,dataset/dlis_data/15_9-F-11 B_2.DLIS,Good
F-11,3134.0,dataset/dlis_data/15_9-F-11 B_2.DLIS,Good
F-11,3135.0,dataset/dlis_data/15_9-F-11 B_2.DLIS,Good
F-11,3136.0,dataset/dlis_data/15_9-F-11 B_2.DLIS,Good
F-11,3137.0,dataset/dlis_data/15_9-F-11 B_2.DLIS,Good
F-11,3138.0,dataset/dlis_data/15_9-F-11 B_2.DLIS,Moderate
F-11,3139.0,dataset/dlis_data/15_9-F-11 B_2.DLIS,Moderate
F-11,3140.0,dataset/dlis_data/15_9-F-11 B_2.DLIS,Moderate
F-11,3141.0,dataset/dlis_data/15_9-F-11 B_2.DLIS,Moderate
F-11,3142.0,dataset/dlis_data/15_9-F-11 B_2.DLIS,Moderate
F-11,3143.0,dataset/dlis_data/15_9-F-11 B_2.DLIS,Good
F-11,3144.0,dataset/dlis_data/15_9-F-11 B_2.DLIS,Good
F-11,3145.0,dataset/dlis_data/15_9-F-11 B_2.DLIS,Moderate
F-11,3146.0,dataset/dlis_data/15_9-F-11 B_2.DLIS,Moderate
F-11,3147.0,dataset/dlis_data/15_9-F-11 B_2.DLIS,Moderate
F-11,3148.0,dataset/dlis_data/15_9-F-11 B_2.DLIS,Good
F-11,3149.0,dataset/dlis_data/15_9-F-11 B_2.DLIS,Good
F-11,3150.0,dataset/dlis_data/15_9-F-11 B_2.DLIS,Good
F-11,3151.0,dataset/dlis_data/15_9-F-11 B_2.DLIS,Moderate
F-11,3152.0,dataset/dlis_data/15_9-F-11 B_2.DLIS,Moderate
F-11,3153.0,dataset/dlis_data/15_9-F-11 B_2.DLIS,Moderate
F-11,3154.0,dataset/dlis_data/15_9-F-11 B_2.DLIS,Moderate
F-11,3155.0,dataset/dlis_data/15_9-F-11 B_2.DLIS,Moderate
F-11,3156.0,dataset/dlis_data/15_9-F-11 B_2.DLIS,Moderate
F-11,3157.0,dataset/dlis_data/15_9-F-11 B_2.DLIS,Moderate
F-11,3158.0,dataset/dlis_data/15_9-F-11 B_2.DLIS,Moderate
F-11,3159.0,dataset/dlis_data/15_9-F-11 B_2.DLIS,Moderate
F-11,3160.0,dataset/dlis_data/15_9-F-11 B_2.DLIS,Moderate
F-11,3161.0,dataset/dlis_data/15_9-F-11 B_2.DLIS,Good
F-11,3162.0,dataset/dlis_data/15_9-F-11 B_2.DLIS,Good
F-11,3163.0,dataset/dlis_data/15_9-F-11 B_2.DLIS,Good
F-11,3164.0,dataset/dlis_data/15_9-F-11 B_2.DLIS,Good
F-11,3165.0,dataset/dlis_data/15_9-F-11 B_2.DLIS,Good
F-11,3166.0,dataset/dlis_data/15_9-F-11 B_2.DLIS,Good
F-11,3167.0,dataset/dlis_data/15_9-F-11 B_2.DLIS,Good
F-11,3168.0,dataset/dlis_data/15_9-F-11 B_2.DLIS,Good
F-11,3169.0,dataset/dlis_data/15_9-F-11 B_2.DLIS,Good
F-11,3170.0,dataset/dlis_data/15_9-F-11 B_2.DLIS,Good
F-11,3171.0,dataset/dlis_data/15_9-F-11 B_2.DLIS,Good
F-11,3172.0,dataset/dlis_data/15_9-F-11 B_2.DLIS,Good
F-11,3173.0,dataset/dlis_data/15_9-F-11 B_2.DLIS,Good
F-11,3174.0,dataset/dlis_data/15_9-F-11 B_2.DLIS,Good
F-11,3175.0,dataset/dlis_data/15_9-F-11 B_2.DLIS,Good
F-11,3176.0,dataset/dlis_data/15_9-F-11 B_2.DLIS,Good
F-11,3177.0,dataset/dlis_data/15_9-F-11 B_2.DLIS,Good
F-11,3178.0,dataset/dlis_data/15_9-F-11 B_2.DLIS,Good
F-11,3179.0,dataset/dlis_data/15_9-F-11 B_2.DLIS,Good
F-11,3180.0,dataset/dlis_data/15_9-F-11 B_2.DLIS,Good
